rank,path,run_id,num_transitions,return_sum,return_discounted,terminal_reward,reward_mean,E_fusion_total_MJ,H98_flattop_avg,H98_max,P_fusion_max_MW,P_ohmic_max_MW,Q_flattop_avg,Q_max,Q_max_time,T_e_core_max_keV,T_i_core_max_keV,beta_N_max,f_GW_max,flux_consumed_Wb,l_i_flattop_avg,n_e_line_avg_max,q0_min,q95_min,vloop_tx_flattop_avg_V
1,rl_dataset_delta_sampling_maxloop=2_grid_51_preprocessed/trajectory_0148.json,148,21,17.03104307316464,15.039271577646318,3.37185988826463,0.8110020511030781,72456.76685926752,0.7036674241937325,0.759907558122882,194.625887526873,7.430380803430299,4.590399093214675,5.344316242693063,360.0617883950619,12.638956616491141,10.605394036585851,1.1670984008380392,0.9691164863036074,142.03708034468087,0.7589628204286892,1.1190755592882022e+20,0.6283129973715555,2.8723189384527177,0.15960399662896216
2,rl_dataset_delta_sampling_maxloop=2_grid_51_preprocessed/trajectory_0423.json,423,21,16.82812553681105,14.890936860123425,3.233681531621818,0.8013393112767166,72232.59640490453,0.7013427338939549,0.7607385200749455,197.55702418420012,7.430391881633338,4.47034064364937,5.078870913455184,410.18526518518536,12.662144523810921,10.676230132990964,1.1756775785595655,0.9713462407575758,142.72659387940683,0.7582327987600932,1.1216893024852302e+20,0.661238270521839,2.877566233549826,0.16000511875490644
3,rl_dataset_delta_sampling_maxloop=2_grid_51_preprocessed/trajectory_0052.json,52,21,16.02329222214698,14.128283450345553,3.031018724851215,0.7630139153403325,72680.46885156866,0.7019329900318363,0.7432910704907819,199.69665949600966,7.430392698287814,4.540264104474107,5.510543390834743,400.6173739506174,12.529471174151142,10.776045199289928,1.1788876132796289,0.9721217783138639,143.928432076497,0.7588597354516967,1.12135165728819e+20,0.6382808199590045,2.894108014714248,0.159388140496813
4,rl_dataset_delta_sampling_maxloop=2_grid_51_preprocessed/trajectory_0189.json,189,21,15.477762834060801,13.716398459311806,2.774532551083545,0.7370363254314667,72508.69125965756,0.6982279637339321,0.7587873556656158,194.82890308011912,7.430393801700812,4.340148778956449,4.82386682962327,355.30870197530885,12.702580825338691,10.63117382864622,1.170172808377859,0.9710852939237883,142.14300492348673,0.7583698324391293,1.1208382404809592e+20,0.6349007584681957,2.881739476689781,0.15955834980333597
5,rl_dataset_delta_sampling_maxloop=2_grid_51_preprocessed/trajectory_0193.json,193,21,15.38482891196588,13.523182637178143,3.0934459689903853,0.7326109005698038,73964.99786323062,0.7001467638592458,0.736910810265692,204.8258912835593,7.430395089271579,4.455235333663619,5.68848568095584,446.4815714814814,12.322238354316763,10.831349119698281,1.1975876509485563,0.9814974512659052,142.91633170163496,0.7622745165705552,1.1336090228941237e+20,0.6509749864446666,2.721310625726746,0.15714458853994442
6,rl_dataset_delta_sampling_maxloop=2_grid_51_preprocessed/trajectory_0444.json,444,21,15.382142001273555,13.628163283562808,3.0305370381848444,0.7324829524415979,73516.15328734324,0.6990463518707009,0.742379955746953,200.504167180811,7.430390327377057,4.37752248133983,4.991638746795006,445.6791023456791,12.490650593210265,10.87108185253368,1.182223801054306,0.972191949230068,142.41847889849979,0.7614748748152413,1.1246399928891569e+20,0.6389233613410489,2.8954496094578657,0.15796624850599128
7,rl_dataset_delta_sampling_maxloop=2_grid_51_preprocessed/trajectory_0430.json,430,21,15.35399509244029,13.607671591134782,3.110726344044431,0.7311426234495376,74013.14984238485,0.6984835350582936,0.7610387949872416,201.53887324987306,7.430394138679266,4.342361961252946,4.983607200823161,420.18526518518536,12.673849850252369,10.696890311236821,1.188679552964779,0.976938878616501,141.09004084559666,0.760949090007515,1.1291813943317607e+20,0.633443190466431,2.876422742072821,0.15802818227537685
8,rl_dataset_delta_sampling_maxloop=2_grid_51_preprocessed/trajectory_0506.json,506,21,15.332250671478233,13.573265952517605,3.0720288335322117,0.7301071748322968,74511.74365265666,0.6990487061384246,0.7575711272028427,200.95293443490394,7.430392287752312,4.361658089826388,5.009367283395001,380.06178839506185,12.543996383196482,10.749877042061666,1.1842540555424894,0.9742129013923991,140.3094946720074,0.7631401314659665,1.1275343169674448e+20,0.6320552300976401,2.8716366985718143,0.15730586654667847
9,rl_dataset_delta_sampling_maxloop=2_grid_51_preprocessed/trajectory_0007.json,7,21,14.670076695072671,12.962395430607877,2.762159789287499,0.6985750807177462,73991.18942096067,0.696640952564014,0.7524279675982466,203.09427172787505,7.430393410124183,4.287951864854565,5.252648651835383,420.37046037037044,12.612880752700779,10.725261736360215,1.1902570039580307,0.9794440403544744,141.4739826790844,0.7599545809973568,1.1297041514627718e+20,0.6307768387665914,2.8833539834096578,0.1579757574736527
10,rl_dataset_delta_sampling_maxloop=2_grid_51_preprocessed/trajectory_0422.json,422,21,14.640182225047655,13.012349979089256,2.8823287887278504,0.6971515345260788,74482.8416592173,0.6957214824198618,0.7576788115253733,204.6064891563684,7.430394522146221,4.217691868867653,4.744267033939312,360.30870197530885,12.692443697546604,10.70678587906824,1.192494836818995,0.9767469891666849,140.83265407389263,0.7613790258309471,1.1293098474088782e+20,0.6349100418442823,2.8808783376717555,0.157385402486753
11,rl_dataset_delta_sampling_maxloop=2_grid_51_preprocessed/trajectory_0572.json,572,21,14.399581951756707,12.736624820751302,2.997384527303386,0.6856943786550813,75544.96281976961,0.6973807922742487,0.7550251143408286,203.21482754219218,7.43038949680873,4.295437778192997,4.946142160069748,345.3086919753089,12.521634645284172,10.695392383968255,1.194295487665853,0.9822378846352565,139.7853731934834,0.7639438888647846,1.1328126645244923e+20,0.6349216282964815,2.8803271024181454,0.156064655019144
12,rl_dataset_delta_sampling_maxloop=2_grid_51_preprocessed/trajectory_0568.json,568,21,14.325032615889414,12.647400395658135,2.565306238765741,0.6821444102804483,72799.54407556266,0.6961048254186705,0.7473063466640663,202.9357970236512,7.430388563096137,4.273542451882753,4.675414074670132,414.6297296296297,12.473163735565215,10.829315037472043,1.1866463318909954,0.9741631012575782,142.56142101156323,0.7563747482142565,1.1257061279299448e+20,0.8469376324758597,2.8571604201801204,0.15990911256908705
13,rl_dataset_delta_sampling_maxloop=2_grid_51_preprocessed/trajectory_0210.json,210,21,14.244843091829546,12.655139285489856,2.806577079714663,0.6783258615156926,74132.11954788107,0.6935845163651482,0.7590883974023724,199.73303933097188,7.430392387209492,4.127630336282156,4.605078748310688,440.246993580247,12.68149075346364,10.622401895941005,1.1849022038962393,0.9758123917676315,140.93028859601873,0.7615905843664178,1.1257889444103822e+20,0.6341676403180487,2.8787794606562556,0.15733067186713326
14,rl_dataset_delta_sampling_maxloop=2_grid_51_preprocessed/trajectory_0529.json,529,21,13.911444936050637,12.319603215253379,2.823794585296252,0.6624497588595541,75216.77612515718,0.693868507537456,0.7554156281202746,203.0278657311433,7.430395036886714,4.160783607546452,4.603066735194039,320.06177839506194,12.505377286686887,10.743166358616667,1.1921771094866203,0.9771219593685437,140.22964629885004,0.7622035213702985,1.1294206784556838e+20,0.6273121485286702,2.871344279644669,0.15680612136915162
15,rl_dataset_delta_sampling_maxloop=2_grid_51_preprocessed/trajectory_0382.json,382,21,13.904443686830971,12.329376262315018,2.8125360422279346,0.66211636603957,75408.45079517532,0.693631911098808,0.7614073146348024,205.30800641609892,7.430391759230884,4.145531646983005,4.718398414171843,420.18526518518536,12.635384492233683,10.740565498900981,1.1938702416962623,0.9775465348642177,140.29850195171758,0.7630897571795532,1.1287334687680604e+20,0.6295581674748976,2.8758460694089747,0.1564877422344013
16,rl_dataset_delta_sampling_maxloop=2_grid_51_preprocessed/trajectory_0597.json,597,21,13.890557850822056,12.32076174273675,2.69472319408745,0.6614551357534312,74440.11127016791,0.6949300495280623,0.737929371828336,200.5219071940428,7.43039260382661,4.213377286741965,4.74150556899261,396.48156148148144,12.386272285368321,10.759734471582819,1.1831713703929898,0.9761382828842372,142.00170788030297,0.760735084464783,1.1254074089545805e+20,0.6506188113059865,2.7805353865620352,0.15741148046199946
17,rl_dataset_delta_sampling_maxloop=2_grid_51_preprocessed/trajectory_0513.json,513,21,13.880037278341913,12.308203188972193,2.895916785890493,0.6609541561115196,74753.33760095913,0.6927955557540374,0.7576960872793613,202.536581046115,7.430389167070526,4.127679004498117,4.58705731435676,315.24697358024713,12.627056173147162,10.817727468337859,1.1882038026693522,0.9774847209341013,140.99270724479402,0.7594697828613217,1.1274588856250181e+20,0.6341620110436573,2.878886030780956,0.15810440780505142
18,rl_dataset_delta_sampling_maxloop=2_grid_51_preprocessed/trajectory_0434.json,434,21,13.790708176173352,12.276079178599483,2.769718541414557,0.6567003893415881,75659.85002293109,0.6958402531256764,0.7584978932526996,207.83154931728447,7.430395665424047,4.220330418808243,4.733878125543882,300.3086819753089,12.644658456128,10.822519333698242,1.2014550560390667,0.9799209509819103,139.82543455782653,0.7633977196559836,1.1351707589241533e+20,0.6349218384492672,2.880355623034829,0.15615132551617963
19,rl_dataset_delta_sampling_maxloop=2_grid_51_preprocessed/trajectory_0273.json,273,21,13.780063664866933,12.207609958695734,2.65321044458448,0.6561935078508063,75715.93905853266,0.6955496062681682,0.7594297546758126,203.96919756185332,7.430392541446878,4.229026938486731,4.767027261524253,430.246993580247,12.578022032217119,10.699380799090692,1.1922826505854205,0.9814795234445158,139.98492113220087,0.763172259092204,1.1317396956655514e+20,0.6341737997457293,2.878174962844165,0.15604581551050722
20,rl_dataset_delta_sampling_maxloop=2_grid_51_preprocessed/trajectory_0456.json,456,21,13.692925495601424,12.146408144383237,2.8581056793650617,0.6520440712191155,75933.345956851,0.6930104291474734,0.7577336450740386,207.48710171842356,7.430391406252227,4.119364398655184,4.612219571491911,380.2469935802471,12.638945004393776,10.835265446338116,1.2000526796895208,0.9782636940464936,140.22889157697955,0.762937186151663,1.1302704657766407e+20,0.6321489085168002,2.8777963369755577,0.1566094824638508
21,rl_dataset_delta_sampling_maxloop=2_grid_51_preprocessed/trajectory_0324.json,324,21,13.54859440186188,12.025782770835402,2.8074458749421636,0.6451711619934228,75215.26537284127,0.6938836904360632,0.7434796926830626,204.9962793625793,7.430395500183341,4.14025158757129,4.678046502823429,340.6790623456792,12.459967725616263,10.72789729918759,1.195348063006396,0.9796424626378198,141.14705203335583,0.7630522238370734,1.1316980657244275e+20,0.6354315071906913,2.894329761602199,0.15603003117806724
22,rl_dataset_delta_sampling_maxloop=2_grid_51_preprocessed/trajectory_0222.json,222,21,13.488075539040375,11.992845323040411,2.5483815834818,0.642289311382875,74399.97957436593,0.6900387926552859,0.7596669069228781,198.7753793427352,7.430390849211586,4.0108183525040895,4.421250773543649,385.43216876543227,12.673970328709142,10.693412679015644,1.1818384156490265,0.9750007685002454,140.42184912253595,0.7603563718860943,1.1244079225547139e+20,0.6333950103112101,2.883891865201817,0.15783226384591928
23,rl_dataset_delta_sampling_maxloop=2_grid_51_preprocessed/trajectory_0059.json,59,21,13.443736054936009,11.953865482689654,2.7002829919944604,0.6401779073779051,75104.96306454782,0.690924088871062,0.7531987340212987,201.94071074750596,7.430392406741542,4.040611170309415,4.405329037627736,410.18527518518533,12.595969173534026,10.77027910317695,1.1862915379629753,0.9747871875349918,140.60965639791675,0.7599437993665007,1.1252517733057236e+20,0.630998440951547,2.875843942473603,0.15776912218899924
24,rl_dataset_delta_sampling_maxloop=2_grid_51_preprocessed/trajectory_0360.json,360,21,13.431892208856384,11.967590222042848,2.4810291962738993,0.6396139147074469,75739.73675455368,0.6931244967722151,0.7608545244722147,208.03636425153823,7.430390790542094,4.101735504150237,4.469874469528482,410.3087119753088,12.713534810427838,10.788564997708562,1.2007662578963394,0.9778711577951577,139.93832387845686,0.7638315284667626,1.130888666835888e+20,0.6303122520731673,2.8802794420856817,0.15596818273635019
25,rl_dataset_delta_sampling_maxloop=2_grid_51_preprocessed/trajectory_0552.json,552,21,13.395940516563693,11.910486522920708,2.7599762430105654,0.6379019293601759,75830.21268265943,0.6938075761728165,0.7614867290097397,205.12614907512145,7.430393604457451,4.151807028227901,4.8904560149749665,340.18523518518543,12.54666579121332,10.83894404718148,1.1992965431233915,0.9773801756402891,139.62786860786667,0.7627332743893116,1.1349032204817842e+20,0.6590588388582621,2.791855935502255,0.15608610126310493
26,rl_dataset_delta_sampling_maxloop=2_grid_51_preprocessed/trajectory_0488.json,488,21,13.381343123200379,11.890493497472448,2.579502208317119,0.6372068153904943,74789.25196203453,0.6911232022093731,0.7597792174759026,201.37944991045993,7.43039245291681,4.054210089997885,4.454655841962825,420.18527518518533,12.693979412278454,10.786913759571144,1.186752345236473,0.9749279046356142,140.69828748629712,0.7601679157069179,1.126162564708915e+20,0.6296699639506113,2.8762076938101955,0.1577869268113799
27,rl_dataset_delta_sampling_maxloop=2_grid_51_preprocessed/trajectory_0556.json,556,21,13.27908445712928,11.790253091057776,2.676767928943987,0.6323373551013942,75541.09433628691,0.6926298630061136,0.7623982230288917,204.8148517515225,7.430381559076581,4.108465506556206,4.50844019182497,300.0617783950619,12.616505969052442,10.77181465227559,1.1956345182454045,0.9803501172298982,140.55652490576716,0.7627864914704771,1.1308351568815e+20,0.6539355702791477,2.728750599831107,0.15629253924311773
28,rl_dataset_delta_sampling_maxloop=2_grid_51_preprocessed/trajectory_0055.json,55,21,13.228257028399183,11.77067611579658,2.713484627478993,0.6299170013523421,76019.7233107122,0.6924344145635012,0.7594802870430735,206.11901201922524,7.430390767457342,4.107857821622711,4.438388694389715,310.24697358024713,12.65989460838646,10.83345849083112,1.1964136437570607,0.9768939002049472,140.0971808792168,0.7608193349425684,1.1310550393663257e+20,0.6314950054459082,2.8778370671901947,0.15699381077396776
29,rl_dataset_delta_sampling_maxloop=2_grid_51_preprocessed/trajectory_0474.json,474,21,13.227080913839796,11.749097145660931,2.571351151015157,0.6298609958971332,74441.43860016984,0.6921638896079985,0.7374072726654327,202.40470269650734,7.430394533923056,4.085973840273085,4.5446491441923715,331.4815314814815,12.399045789403287,10.75466785725983,1.186498852102579,0.9774468370826599,141.62963683551922,0.7616976046841474,1.1287106210276698e+20,0.6533712950663153,2.7835140226568096,0.15688042865420884
30,rl_dataset_delta_sampling_maxloop=2_grid_51_preprocessed/trajectory_0202.json,202,21,13.193218961398328,11.708309210243657,2.917462191534934,0.628248521971349,76881.13539761624,0.6946617259104276,0.756224400916381,207.74148238387312,7.430394613242437,4.1656401653100605,4.810137724395337,320.2469535802471,12.555053157081927,10.75066693694416,1.1996148717721242,0.9844946575993659,138.82546948611176,0.7655030064436348,1.1363080910213245e+20,0.6304161778199059,2.877552103616617,0.15454691191226888
31,rl_dataset_delta_sampling_maxloop=2_grid_51_preprocessed/trajectory_0455.json,455,21,13.165720018123443,11.624651091715592,2.686401393880584,0.6269390484820687,75929.92133250888,0.6940276626629824,0.7555211106725174,209.13273175219496,7.430394968435871,4.179465318630768,4.896972310030814,446.9754086419754,12.60954134858481,10.82923631303401,1.2032627353541157,0.9810978657131765,140.43959725508773,0.763472542593262,1.1328050365212675e+20,0.6618493891205377,2.796751340080746,0.15595555056200958
32,rl_dataset_delta_sampling_maxloop=2_grid_51_preprocessed/trajectory_0317.json,317,21,13.162419419127326,11.675333627961692,2.7852306600906944,0.6267818771013013,76245.09801656162,0.6912413402571621,0.7599326898710311,209.05845883836787,7.430386840986561,4.049349771566421,4.866486601563294,445.30874197530875,12.677811072934455,10.791293575902412,1.2043808663545967,0.9815831521898947,140.05955100006867,0.7635179612386466,1.1348075965822553e+20,0.6323191253076328,2.880110941877301,0.15611795243885113
33,rl_dataset_delta_sampling_maxloop=2_grid_51_preprocessed/trajectory_0248.json,248,21,13.14649386401069,11.662506668066635,2.741221535008773,0.6260235173338424,76507.69875660155,0.6931843332618736,0.7513752444017432,209.0308517225912,7.430392792108682,4.120232867164242,4.571077501481106,430.18526518518524,12.629766035958871,10.902789994410014,1.2043556631367087,0.9788058347671292,139.35506328387325,0.7635340988322789,1.1327776752643382e+20,0.6334445986181695,2.8755170231369562,0.15568974309034106
34,rl_dataset_delta_sampling_maxloop=2_grid_51_preprocessed/trajectory_0425.json,425,21,13.10488293643236,11.623950815382837,2.576576724572628,0.6240420445920171,74857.1115055939,0.6913679851476651,0.7417953211779923,202.96738499532404,7.430388471951767,4.047374067429077,4.408983352901632,397.34575901234575,12.468859055267762,10.806559490222593,1.1935120359163545,0.9770182876941345,140.88231291240538,0.7615790571273985,1.1275444777738751e+20,0.6664771303072182,2.74842173181893,0.15691676576155253
35,rl_dataset_delta_sampling_maxloop=2_grid_51_preprocessed/trajectory_0124.json,124,21,13.063806938879036,11.648144600544986,2.6391806171854713,0.6220860447085256,76040.16140419051,0.692911081367632,0.76131846956417,207.83962277095537,7.430395283877606,4.092540367062994,4.594024857017972,360.3704303703705,12.702881268408065,10.937849265294558,1.2025761264518657,0.9802676203759696,139.30358067128023,0.76327378665969,1.1347856059828312e+20,0.6324080777212556,2.8809392013584385,0.15577270397344853
36,rl_dataset_delta_sampling_maxloop=2_grid_51_preprocessed/trajectory_0021.json,21,21,13.049920043165892,11.603991901724214,2.650562657761774,0.6214247639602806,76519.226102072,0.6941712010627124,0.7621774262962625,208.52518132892362,7.430393256822807,4.15764649150119,4.794689825323937,440.3704503703705,12.680420603226843,10.757733173156945,1.2027464308495968,0.9790035833622017,139.01842378648547,0.7639871694330171,1.1353566486963682e+20,0.6324457333902193,2.8817515071887065,0.1552814877773617
37,rl_dataset_delta_sampling_maxloop=2_grid_51_preprocessed/trajectory_0169.json,169,21,12.919852338475376,11.470197389113627,2.556477785391155,0.6152310637369227,75167.03390783464,0.6901827509846777,0.7575160396701873,203.315355870075,7.430394891720243,4.016906116098607,4.3488551333568,445.1852851851853,12.702570593005262,10.836248144068104,1.1884930432736203,0.9768116762628029,140.67653021273895,0.761320397578285,1.1266021507987318e+20,0.6334342681434119,2.8761905818741362,0.15713288561672106
38,rl_dataset_delta_sampling_maxloop=2_grid_51_preprocessed/trajectory_0040.json,40,21,12.906459910341026,11.419566058764593,2.667576121294542,0.6145933290638583,76055.30975875622,0.6934420654784138,0.7528624678312342,208.68154596737583,7.430392944983129,4.134698236053074,4.799419268689861,436.7902034567902,12.529940570293165,10.782857558857142,1.2057087411012406,0.9809621947860373,140.44903433347898,0.7639749849326569,1.1365126541873873e+20,0.6552880971383398,2.7305935662925416,0.15515294092600299
39,rl_dataset_delta_sampling_maxloop=2_grid_51_preprocessed/trajectory_0285.json,285,21,12.89655759848371,11.453637981515278,2.6681540017441927,0.6141217904039862,76976.7605679331,0.6920618810395053,0.752784169463551,209.42932538445922,7.430393125030723,4.084193688895199,4.588020943825931,440.246993580247,12.655933632394726,10.86266353961283,1.203884685961191,0.9823629515849666,139.8577614135628,0.7636911388758088,1.1342108777161428e+20,0.6298904429662757,2.8779464977873523,0.15517460100948205
40,rl_dataset_delta_sampling_maxloop=2_grid_51_preprocessed/trajectory_0077.json,77,21,12.860513250941503,11.407705853314116,2.871647320988561,0.6124053929019764,76089.16880062934,0.6920137386192169,0.7554403875392522,205.12933909896574,7.430392388616106,4.075321346514204,4.550198169116504,340.12350679012366,12.514463391651553,10.701600299295054,1.1939056884590373,0.9788661301734113,139.69514243436066,0.76266922393792,1.1310602377826114e+20,0.6327307346045841,2.873491129210499,0.15560682210795315
41,rl_dataset_delta_sampling_maxloop=2_grid_51_preprocessed/trajectory_0050.json,50,21,12.823214790688636,11.4285712481882,2.60299326759049,0.6106292757470779,75734.62486416235,0.6896997539904822,0.7593420085384789,204.65350528082917,7.430396081646178,3.9877723142020356,4.344044798603708,405.3704603703705,12.728897635300044,10.786179568872901,1.1937280881076395,0.9777265884326495,139.86665866077882,0.7606864451321133,1.1289208469391294e+20,0.6282958387675037,2.881304853267512,0.15696587700537945
42,rl_dataset_delta_sampling_maxloop=2_grid_51_preprocessed/trajectory_0283.json,283,21,12.810925798162687,11.342044547853208,2.5847934988665227,0.6100440856267946,76502.01588856585,0.6921572796770048,0.7537141456491084,210.44864871692337,7.4303877452249125,4.0967157602545985,4.6841372696983266,400.1235267901236,12.517197547168351,10.808392377931458,1.207146773568636,0.9822318271915158,140.01435169524672,0.7632589588319255,1.1348547955334966e+20,0.6282658341951026,2.8734967281205726,0.15545866676906847
43,rl_dataset_delta_sampling_maxloop=2_grid_51_preprocessed/trajectory_0090.json,90,21,12.79205333406367,11.408280368393383,2.4610979237930035,0.6091453968601748,76589.55637299447,0.6932586155804504,0.7621683424037093,208.69057791129447,7.430392267725726,4.102114686535564,4.496102618052311,345.3086919753089,12.66162297107101,10.753832525121547,1.2035854315517958,0.9808844611466251,139.18697287273628,0.7647652402307088,1.1365247982946855e+20,0.6622433684114529,2.735425837968815,0.15499935475520535
44,rl_dataset_delta_sampling_maxloop=2_grid_51_preprocessed/trajectory_0065.json,65,21,12.790045664801465,11.276343588692878,2.832997275053331,0.6090497935619745,76469.52325895328,0.6937091757710779,0.7267359451727696,210.05998249089197,7.430394789746435,4.133316903862276,4.823609751730332,395.5556155555556,12.410096606105386,10.796656684518918,1.2080670524973451,0.9850408158206855,140.42335583921266,0.7660616725458572,1.1375330775833136e+20,0.6317569044669122,2.889819854067477,0.1545538980080506
45,rl_dataset_delta_sampling_maxloop=2_grid_51_preprocessed/trajectory_0512.json,512,21,12.780398723531773,11.315041608834575,2.7301523221447006,0.6085904154062749,75490.66543997305,0.6898606621693611,0.7430354896746466,207.50266448587112,7.430397276931867,3.9935172741200264,4.427254530916854,345.74080074074084,12.479788169407305,10.770430009864807,1.2022206269693938,0.9813626989439634,141.65972201744924,0.7624933230880773,1.1325892881095867e+20,0.6395590138158929,2.897532687105379,0.15602763171709977
46,rl_dataset_delta_sampling_maxloop=2_grid_51_preprocessed/trajectory_0144.json,144,21,12.740761397597668,11.312248899222801,2.6079733412360593,0.606702923695127,75551.32511339158,0.6900380946676605,0.7596697176356302,205.37219633284406,7.430378965239698,3.9934922323446753,4.533636169958451,440.247003580247,12.67788188183577,10.741310613833928,1.1985133924719749,0.9794481369279399,140.1583140659568,0.7623828676569563,1.1317404500550853e+20,0.6341894316217527,2.8777071279565773,0.1563280694899182
47,rl_dataset_delta_sampling_maxloop=2_grid_51_preprocessed/trajectory_0502.json,502,21,12.702084584080866,11.27694840373618,2.618565643830006,0.6048611706705175,75291.7056727019,0.6890477686541948,0.7603066712561293,205.50766715014532,7.4303870313736216,3.95840111100597,4.399647180115161,380.24698358024705,12.626989227250139,10.74834161078375,1.1978778548346527,0.9799513043846867,140.00108679454672,0.7612256933061801,1.1316708076511681e+20,0.6297092575123603,2.8780774594994343,0.15678053636691877
48,rl_dataset_delta_sampling_maxloop=2_grid_51_preprocessed/trajectory_0300.json,300,21,12.69157822192936,11.312959450164335,2.6608759622095515,0.6043608677109219,75780.88933098376,0.6914023894792999,0.7374550261009435,209.4291019048005,7.4303954201045705,4.02827894336489,4.570563564394945,341.4815314814815,12.50896022690047,10.788655484764766,1.2065719180835535,0.9819911584376179,140.36745843991403,0.7635096818411432,1.1371808438398403e+20,0.650951970328323,2.720371068699253,0.1554536055894055
49,rl_dataset_delta_sampling_maxloop=2_grid_51_preprocessed/trajectory_0343.json,343,21,12.665326977400053,11.321766692471453,2.6373670311561916,0.6031108084476215,76451.00478084633,0.6916029456169515,0.7624166009635807,212.58797151875956,7.430393000805124,4.024788215298311,4.330269909700169,280.3704003703706,12.718339471754724,10.841857820352546,1.2152268861065187,0.9837616613049662,139.05001789933175,0.7641292789848393,1.1393023888566652e+20,0.6315472600972069,2.881845823977328,0.1550202470518585
50,rl_dataset_delta_sampling_maxloop=2_grid_51_preprocessed/trajectory_0175.json,175,21,12.656993566000766,11.18297850740433,2.56469900976576,0.6027139793333698,76880.04346030124,0.6947280827338173,0.738309205988677,206.58808216436742,7.4303943491921896,4.17248280094956,4.846768231222004,399.3210476543211,12.359030959875199,10.785412333128829,1.2015504052736041,0.9837537992541712,138.8808991888919,0.7651246511721342,1.1345374133874193e+20,0.8013651616065189,2.842332658913075,0.15429565590345906
51,rl_dataset_delta_sampling_maxloop=2_grid_51_preprocessed/trajectory_0054.json,54,21,12.651157329116309,11.238510951877482,2.514731292847312,0.6024360632912528,75416.78832023453,0.6895132873920593,0.760065265292538,203.6565431593365,7.430395617298102,3.988242762783874,4.2475429066521055,420.18527518518533,12.635321675187432,10.826092306496285,1.1894771654196468,0.9777193130380285,140.39866714249243,0.7613353784581705,1.127419616807345e+20,0.6334338449734627,2.8760417735919526,0.15690320423981566
52,rl_dataset_delta_sampling_maxloop=2_grid_51_preprocessed/trajectory_0452.json,452,21,12.642997041136729,11.261610113580778,2.559889793935287,0.6020474781493681,75220.8583474713,0.6904841195809212,0.7446758795097619,205.696035557801,7.430390974929277,3.985414022189407,4.385803082515797,280.6173139506175,12.515641274607887,10.774493825067346,1.2028542686981176,0.9796592962506147,140.9305302593442,0.7631614547458249,1.1353822303151374e+20,0.6383127335815195,2.892389227070725,0.15562393352020562
53,rl_dataset_delta_sampling_maxloop=2_grid_51_preprocessed/trajectory_0539.json,539,21,12.63571012283696,11.155968491069986,2.614052137939134,0.6017004820398553,75542.7456317946,0.6908225670014294,0.723783419379239,210.7808517767869,7.4303803621093,4.042288725755064,4.7134423937274725,442.2840606172839,12.56014024448535,10.84166308736654,1.2102951380164295,0.9823539062780409,141.05514329541634,0.7626918605846341,1.1360474716522558e+20,0.6708915680228424,2.7457427169140742,0.1557854217852585
54,rl_dataset_delta_sampling_maxloop=2_grid_51_preprocessed/trajectory_0011.json,11,21,12.59567677297328,11.21577824142053,2.5953202625815113,0.5997941320463467,76829.72427794078,0.6904885658786687,0.7617916014459354,208.45813238899976,7.430393502668582,4.009680721712729,4.523754363953388,400.49389716049404,12.74503354662611,10.790309876890403,1.2026642383379522,0.9820524043040605,139.23932805542708,0.7638523321650093,1.1353855553370353e+20,0.633840017015868,2.886542789017848,0.15500955346240844
55,rl_dataset_delta_sampling_maxloop=2_grid_51_preprocessed/trajectory_0491.json,491,21,12.59155800493333,11.142472570074434,2.756374721770508,0.5995980002349205,77258.30642550043,0.6896302410941305,0.7602809650315171,210.23424703197068,7.430394193424433,3.9968846515965057,4.540513021096683,395.24698358024705,12.64766222103306,10.806136002959015,1.2081075567113266,0.9848031516659567,139.4379610792168,0.7646952734869168,1.1360641784061057e+20,0.6302063611698697,2.8775973634649423,0.1548962407877594
56,rl_dataset_delta_sampling_maxloop=2_grid_51_preprocessed/trajectory_0504.json,504,21,12.579710736356986,11.178589609934301,2.6567521666061973,0.5990338445884279,77446.06984912785,0.6911129102814797,0.7526129882804367,209.91684509074486,7.430377128695673,4.032945085992266,4.415290650961406,430.18525518518527,12.617051645134191,10.829625382961385,1.2073804258409975,0.9804783987575051,139.0449496006676,0.7655641715157263,1.1377235494373828e+20,0.6289178080101786,2.873951947097267,0.15427687383985259
57,rl_dataset_delta_sampling_maxloop=2_grid_51_preprocessed/trajectory_0039.json,39,21,12.552283733071732,11.135311086519685,2.4784089914856415,0.5977277968129396,76710.34532242172,0.691022956278366,0.7569732683254976,206.11693679918608,7.430391620368224,4.033346587720828,4.468268061827242,360.06178839506185,12.627544950594174,10.741616392128444,1.1966073848665129,0.9806196870778484,139.45938334413987,0.7635786740996248,1.1309511150351584e+20,0.6257746855392006,2.8710494063425993,0.15501567205743558
58,rl_dataset_delta_sampling_maxloop=2_grid_51_preprocessed/trajectory_0016.json,16,21,12.550616577420705,11.209229739084625,2.6363846834421434,0.597648408448605,76645.2271037431,0.6908565135927399,0.760870338309794,208.32467514158003,7.430393347499011,4.016672361564113,4.429782601777212,295.3086919753089,12.734072785740643,10.913476301131896,1.2076243426906785,0.9808433097251547,139.22013583424803,0.7632536883943161,1.1366539468118114e+20,0.6266870732728117,2.8786252296360755,0.15588849910179733
59,rl_dataset_delta_sampling_maxloop=2_grid_51_preprocessed/trajectory_0019.json,19,21,12.538704260685378,11.108201093102782,2.7368850931198985,0.5970811552707322,77390.61972751876,0.6927077835784949,0.7499157461812644,210.2046662422968,7.4303937324949265,4.091519009878211,4.566442424563407,420.18525518518527,12.635558129803433,10.956410594529181,1.2073455064834793,0.9852187547921927,138.89315700692077,0.7670118306214322,1.1378267754215994e+20,0.6296837091618332,2.8752960831131995,0.15375931599827283
60,rl_dataset_delta_sampling_maxloop=2_grid_51_preprocessed/trajectory_0453.json,453,21,12.528318158473935,11.082876619667152,2.740907520732576,0.5965865789749493,76496.59906100127,0.6890616984391154,0.7535910168133444,206.85097572861795,7.43039074036841,3.974829952301404,4.353066514808556,420.3704603703705,12.637805580543489,10.775762839979198,1.2004881870472848,0.9818495670236748,139.97963409960357,0.762538571078875,1.1317851677589071e+20,0.6324520206823165,2.882396381233715,0.1559095113424114
61,rl_dataset_delta_sampling_maxloop=2_grid_51_preprocessed/trajectory_0093.json,93,21,12.495326509504237,11.121338002101805,2.377960349193799,0.5950155480716303,75237.89341075643,0.6908184620581748,0.7577828797027253,204.8094881150427,7.430394809354979,4.0474648563876565,4.594425499252047,392.0988454320989,12.674266048759835,10.753078483365519,1.1955625170603865,0.9785332041263207,140.5162453361492,0.7618677711576228,1.1306932494222701e+20,0.6657529717714619,2.7395866095499035,0.15686555579058684
62,rl_dataset_delta_sampling_maxloop=2_grid_51_preprocessed/trajectory_0115.json,115,21,12.482232282263174,11.025681287025305,2.3548371471741802,0.5943920134411036,76750.20936972748,0.6913341877002966,0.7262661281753222,208.7524595471234,7.43039424997295,4.078225104947816,4.832298327520589,438.88896888888894,12.561471380521542,10.83602110213259,1.2054308809297531,0.9834048702566606,138.92349581860162,0.7636062323286246,1.1338550142467595e+20,0.7650673491630937,2.825269597858919,0.15568502218145683
63,rl_dataset_delta_sampling_maxloop=2_grid_51_preprocessed/trajectory_0494.json,494,21,12.472533358023354,11.083478561343808,2.635606673874635,0.5939301599058739,75460.62502008231,0.6898988170802696,0.7422721937712117,206.6074282414612,7.430395663704732,3.995374166174147,4.472397726507764,320.6790723456792,12.500963197210321,10.756717469628171,1.1987170316374782,0.9795887107340749,141.26728203880631,0.7586079157226177,1.131811461585054e+20,0.6389117537027283,2.894944048803408,0.15647036386272142
64,rl_dataset_delta_sampling_maxloop=2_grid_51_preprocessed/trajectory_0288.json,288,21,12.471595733708622,11.162683235422275,2.317746833192098,0.593885511128982,75942.79966462919,0.6905446604974024,0.7595159213474436,209.13949472246532,7.430395467283312,3.996389932383497,4.24060277332574,280.2469535802471,12.612082335749054,10.741710897244033,1.206548331215953,0.9806419830592811,139.30037186551095,0.762395641268479,1.1368248147933659e+20,0.6318475484017224,2.8773294347180602,0.15616936239708626
65,rl_dataset_delta_sampling_maxloop=2_grid_51_preprocessed/trajectory_0051.json,51,21,12.443554557402448,11.052634443820944,2.6347594459960284,0.5925502170191642,76126.33205999123,0.6900291354444313,0.7610716181827399,209.1103967529419,7.430396087642321,3.988559548430428,4.38817805169802,415.246993580247,12.665427363465879,10.762159371163866,1.20433326708684,0.9831290130307685,140.11190746392668,0.7625152375661471,1.1356887860478378e+20,0.6341632377455845,2.8782882953002344,0.1556829319397501
66,rl_dataset_delta_sampling_maxloop=2_grid_51_preprocessed/trajectory_0188.json,188,21,12.436084376937202,11.051303748497288,2.71209580861913,0.5921944941398668,76675.1126010518,0.6885399382938323,0.7534566411122845,207.07033096931224,7.430397299563419,3.9400653161184787,4.359503465045931,420.246993580247,12.678044299809786,10.772264392162313,1.1984666797264443,0.9810686240573333,139.78239018599965,0.7627040408881683,1.1332586061752127e+20,0.6321522534302235,2.8775908651743465,0.15550559609550382
67,rl_dataset_delta_sampling_maxloop=2_grid_51_preprocessed/trajectory_0575.json,575,21,12.429665726190317,11.006456803349428,2.4044685630700315,0.5918888441043008,76001.72588276055,0.6896293498972629,0.7504862455518335,205.14996693135927,7.43039136252507,3.9896455183713337,4.594817995687493,399.6296996296297,12.44159137621651,10.686820792056718,1.200880972369112,0.9835651140804237,139.9164426613442,0.7625771694949229,1.1342717446854905e+20,0.8250900642193966,2.8552525455923425,0.15592639471120578
68,rl_dataset_delta_sampling_maxloop=2_grid_51_preprocessed/trajectory_0233.json,233,21,12.427717878985074,11.040298768275758,2.558487386802862,0.5917960894754797,75973.87213419126,0.6891346707051634,0.7595762238885791,206.28336914799303,7.430398289466672,3.9775786787782796,4.53690107845994,395.2469935802471,12.673854693379033,10.771608764602972,1.1989013249209277,0.9807282329732511,139.97796140725873,0.7620608775288188,1.1315919102284875e+20,0.627249328503789,2.8768106423043824,0.15643988411291826
69,rl_dataset_delta_sampling_maxloop=2_grid_51_preprocessed/trajectory_0221.json,221,21,12.416001288917037,10.980537991115263,2.66618722384921,0.591238156615097,75464.99889849623,0.6886172556795945,0.7420815533918865,207.9206725404958,7.4303884044014925,3.9485638957934097,4.358415638159927,380.67908234567915,12.524405952834183,10.826416159568417,1.2030029219501086,0.9810054727165065,141.30099338208376,0.7621599407331782,1.133865555410281e+20,0.6389461267045228,2.8949999878311736,0.15597565327290602
70,rl_dataset_delta_sampling_maxloop=2_grid_51_preprocessed/trajectory_0469.json,469,21,12.409730203448328,11.04563327203673,2.303707699547643,0.5909395334975395,75476.66373516154,0.6894837489527083,0.7439647837030585,209.2436569269546,7.430394064293357,3.974249419789654,4.4619969220384395,415.6790923456791,12.54357011241552,10.815900276247685,1.2053659243380974,0.9796303582653164,141.12745347478491,0.7631557688188604,1.134560138398948e+20,0.6379829704932565,2.8933602792189737,0.1559275461896695
71,rl_dataset_delta_sampling_maxloop=2_grid_51_preprocessed/trajectory_0374.json,374,21,12.380264204316392,11.017333077589402,2.283643727769996,0.5895363906817329,75871.96331752356,0.6924753547351118,0.7448663612605566,205.93981281590226,7.430394526129086,4.076597232959028,4.39445949066125,339.5679512345681,12.39051600957219,10.746652189281463,1.1961996896036324,0.9780403006976934,139.18053623890825,0.763004914965424,1.1304666393745067e+20,0.7912393116954,2.851533032526729,0.1556757234929057
72,rl_dataset_delta_sampling_maxloop=2_grid_51_preprocessed/trajectory_0297.json,297,21,12.344022906787064,10.962027490441345,2.450879384541836,0.5878106146089078,77798.43364414942,0.6921950858822061,0.7616719274682974,209.8861730013346,7.430391289520854,4.076282363297851,4.6653964962964745,445.3704503703705,12.68221130217208,10.802157475000298,1.2074303499428587,0.983167137348024,138.8638549322414,0.7657321718569413,1.1375259344630887e+20,0.6307522744415748,2.8819035919891323,0.15384575918622048
73,rl_dataset_delta_sampling_maxloop=2_grid_51_preprocessed/trajectory_0184.json,184,21,12.297072936223572,10.932629186441169,2.668336799472441,0.585574901724932,77650.57758616674,0.6930383686577666,0.7566683332254446,213.1999224836709,7.430390259364966,4.069559472223321,4.569063615154683,360.1852351851854,12.652832964189399,10.806863318252672,1.2142130274523788,0.9857620038479457,137.91226761883448,0.76762039570893,1.1391506448051654e+20,0.6271724675339592,2.874842611421649,0.15314420825740072
74,rl_dataset_delta_sampling_maxloop=2_grid_51_preprocessed/trajectory_0594.json,594,21,12.26076276935709,10.843974205720304,2.645502303907795,0.5838458461598615,76802.05952087752,0.6898642549113655,0.7496463468372069,208.29084536631103,7.4303866833652945,4.003342696759304,4.694548609744128,450.1852851851853,12.615688091744284,10.967670546355441,1.202510514998987,0.9811332245900655,139.38210782749354,0.7635853670999412,1.1346994317875564e+20,0.6261591893890437,2.8721719513933883,0.1553383690268806
75,rl_dataset_delta_sampling_maxloop=2_grid_51_preprocessed/trajectory_0487.json,487,21,12.238325929003203,10.954821107445776,2.5019877474363788,0.5827774251906287,76834.12716632841,0.6898668040391066,0.7544341846194825,212.65495736585376,7.430393256673094,3.954875115496067,4.299560531700469,340.3086919753089,12.636988162352672,10.832329268858112,1.2149953414449632,0.9828670501296598,138.55885218473472,0.763948111925461,1.1377036390183787e+20,0.6323156504291056,2.8792309698721,0.15493228817815544
76,rl_dataset_delta_sampling_maxloop=2_grid_51_preprocessed/trajectory_0187.json,187,21,12.23323370142417,10.909914106146582,2.4496540123027177,0.5825349381630558,76875.56862156876,0.6897672713421201,0.7576123964316677,208.8929155633971,7.430395174460264,3.9738203461493415,4.465988345618576,365.2469735802471,12.627164189026642,10.813682494793397,1.2046532759917803,0.9819203019535263,139.03424739386293,0.7635436492556699,1.134364003444798e+20,0.6341506364566326,2.8777911965768803,0.15509780721347896
77,rl_dataset_delta_sampling_maxloop=2_grid_51_preprocessed/trajectory_0126.json,126,21,12.20808321689574,10.814180934948814,2.432597872476104,0.5813372960426543,76967.08774379853,0.689951896977719,0.751792271381909,212.04016762247224,7.430394333030536,3.9998901668118063,4.767280989047756,420.18527518518533,12.656641195431959,10.88159879699348,1.214459368977519,0.9837138473795756,139.8402760262816,0.7639969611900589,1.1378254974477155e+20,0.6310404005236655,2.875462940263199,0.15519787654176573
78,rl_dataset_delta_sampling_maxloop=2_grid_51_preprocessed/trajectory_0313.json,313,21,12.202224652025697,10.869080386518545,2.4861577482467507,0.5810583167631285,75978.58410141077,0.6883432712337427,0.7587178056759264,205.93838875773537,7.430391505920373,3.930412805884743,4.269265121207297,375.2469935802471,12.705773465459467,10.80469055908368,1.198186982038521,0.9801287573725294,139.78882019970305,0.7615980147121509,1.1314284715635565e+20,0.6304029103362012,2.878015434638705,0.1565204202830307
79,rl_dataset_delta_sampling_maxloop=2_grid_51_preprocessed/trajectory_0325.json,325,21,12.184222305149737,10.88881072435461,2.539679798336747,0.5802010621499875,76118.33544554387,0.6879501205508799,0.760195985744933,205.4153734446905,7.43037793484078,3.8892982150670203,4.109264952524153,240.30866197530892,12.697952686162363,10.715474072552182,1.20217438822726,0.9820046517697287,139.27947753744184,0.7633774888067087,1.135003275884007e+20,0.6348956703202715,2.8802341292539504,0.1554883166777367
80,rl_dataset_delta_sampling_maxloop=2_grid_51_preprocessed/trajectory_0136.json,136,21,12.17484501810419,10.827066879831957,2.6147941780362496,0.579754524671628,77439.565393729,0.6904871063727722,0.7439988854445299,210.6082907389599,7.430394365465828,3.993915434898352,4.599402161203675,400.49389716049393,12.532181606863563,10.82155635813503,1.2117164262404398,0.9840754374012762,138.71029665491264,0.7644302065510339,1.1384444691438322e+20,0.6335460065213523,2.8866492374767283,0.15450001223057677
81,rl_dataset_delta_sampling_maxloop=2_grid_51_preprocessed/trajectory_0314.json,314,21,12.157089588318888,10.743373444663312,2.4223897120952755,0.5789090280151852,77095.07349930526,0.6917055637852286,0.7248750324908302,210.73056426984206,7.430396327524602,4.070249885511201,4.646119357158655,388.82722049382727,12.50336583052759,10.807287566394143,1.2090831814422298,0.9852251385221749,138.8293304122183,0.7652539731067187,1.1355400047246662e+20,0.6298947769161004,2.8852444957801184,0.15483675132577707
82,rl_dataset_delta_sampling_maxloop=2_grid_51_preprocessed/trajectory_0390.json,390,21,12.156705748374149,10.813659491322216,2.607581671421322,0.5788907499225785,76988.38595678547,0.6885555726065831,0.7607847586736981,209.57538543009758,7.430393402726851,3.9333941333675906,4.304375384674117,420.246993580247,12.676812014070464,10.807925626886336,1.2055111562471084,0.9813549019943523,139.29720281576152,0.7641127998019179,1.1357574486881724e+20,0.6301023600102994,2.8763706291380675,0.15490355416455973
83,rl_dataset_delta_sampling_maxloop=2_grid_51_preprocessed/trajectory_0464.json,464,21,12.153748930779175,10.813719402225876,2.615670348548051,0.5787499490847227,76619.2748136735,0.691266773056741,0.7430202718177432,209.74721421631324,7.430394381125329,4.028352692126659,4.471026645674333,340.55560555555576,12.65799087267375,10.89664371397109,1.2070561563463174,0.9833025540197646,139.84262650867242,0.7647275984657237,1.1367197028145896e+20,0.6382431319563309,2.88936311560494,0.15465412535317657
84,rl_dataset_delta_sampling_maxloop=2_grid_51_preprocessed/trajectory_0257.json,257,21,12.148682246154767,10.788028975660024,2.3356002404021146,0.5785086783883222,75894.17847720634,0.6897349770839635,0.742725028212029,208.5689597500034,7.430395719001882,4.00481826524107,4.454931330076286,340.6790723456792,12.530169045932341,10.777991083170171,1.203594774043265,0.9814732808303656,141.23830372497702,0.7620289463764539,1.1337127554791686e+20,0.6316355824611005,2.8934771083018376,0.15594987936680554
85,rl_dataset_delta_sampling_maxloop=2_grid_51_preprocessed/trajectory_0081.json,81,21,12.12767570893133,10.75825531053781,2.764257944992748,0.5775083670919681,77912.1215229723,0.6910115391723328,0.7523855102212161,213.38549377223384,7.4303964454959255,4.004971606456773,4.509545292282021,450.1852651851853,12.60909342979827,10.906180702273206,1.217191572763178,0.9871005043795643,138.55583148103548,0.7668400436005203,1.1403203745729275e+20,0.6295120980684837,2.874531742160381,0.1532165547638498
86,rl_dataset_delta_sampling_maxloop=2_grid_51_preprocessed/trajectory_0525.json,525,21,12.101065761904174,10.756814551358326,2.4896574907648192,0.5762412267573416,75980.31983555605,0.6917679559981909,0.736786567616666,207.90095988517356,7.430394067428531,4.07525267457564,4.466378460482584,423.1482481481481,12.492155974903431,10.7951521745922,1.2009730381084838,0.9776938085355539,140.2194653667736,0.7621057872124662,1.1323300189178873e+20,0.7039277440033247,2.8383504531446815,0.15604932841527971
87,rl_dataset_delta_sampling_maxloop=2_grid_51_preprocessed/trajectory_0441.json,441,21,12.100068860468392,10.756792214358478,2.0686846821425457,0.5761937552603996,75083.46590860518,0.6890199837770387,0.722297657872153,202.09121312468886,7.430393850499179,3.9577623765475174,4.49774367758394,382.3457490123458,12.529041648990729,10.813367504568026,1.19031853288439,0.9780106105806606,139.99024725857606,0.7623202342898378,1.1298129226525696e+20,0.6787680803721852,2.812802757148782,0.15587774056324064
88,rl_dataset_delta_sampling_maxloop=2_grid_51_preprocessed/trajectory_0521.json,521,21,12.095789488068414,10.788266746038776,2.5201393928277125,0.5759899756223055,77166.18082501531,0.6891236110083601,0.7592550320112262,210.59969298735706,7.430394139831843,3.9559746843661623,4.302840186786687,310.1852251851854,12.634054975303236,10.885831468792153,1.2077421918372202,0.9819449845085099,139.13921882621068,0.7637879526548094,1.136278209112273e+20,0.6274742646484087,2.874989220515361,0.1549579663091322
89,rl_dataset_delta_sampling_maxloop=2_grid_51_preprocessed/trajectory_0338.json,338,21,12.092344131040687,10.732136635851319,2.767133494701686,0.5758259110019375,77434.45802012533,0.6893694725618259,0.7605311060561731,210.52427110822083,7.430391706793674,3.9604616486694195,4.29994412328095,445.247003580247,12.625494754148868,10.798328002687775,1.2086410420209333,0.9844992531682042,139.1827225734782,0.7647949970690303,1.1372148117849312e+20,0.6341511562170161,2.8778833313503362,0.1543871923677897
90,rl_dataset_delta_sampling_maxloop=2_grid_51_preprocessed/trajectory_0454.json,454,21,12.084599925275397,10.739072049926953,2.176796375795295,0.5754571392988284,76349.97054815409,0.692931601895158,0.7265974414064738,210.3994840225214,7.430389452375298,4.101241372550448,4.789433334412532,413.88896888888894,12.432771003038788,10.789294326247997,1.208139361340729,0.9833704294913161,139.3977515297202,0.7632514051674546,1.1374701938504693e+20,0.7411302064713285,2.8284934178820302,0.1557147028127209
91,rl_dataset_delta_sampling_maxloop=2_grid_51_preprocessed/trajectory_0375.json,375,21,12.079594967266754,10.756297804012311,2.2796585453131843,0.5752188079650835,76431.54610747934,0.6898087588505618,0.7356379249159996,206.38018229319613,7.430389702552344,3.976193514796181,4.353870529657751,359.135862469136,12.465065882633677,10.764936228093271,1.1974809080345328,0.9789352828994577,139.13871777598325,0.7632207801704625,1.1354386541260662e+20,0.770480371885371,2.83742148792847,0.1558754172680565
92,rl_dataset_delta_sampling_maxloop=2_grid_51_preprocessed/trajectory_0045.json,45,21,12.059020024310762,10.71306390173,2.306981350012987,0.574239048776703,76650.83819478222,0.691049846002289,0.7485030852886486,210.45933772387116,7.430393941902647,4.024814144164701,4.492044775605643,449.62970962962976,12.52714071826198,10.822087976115723,1.2072788600179754,0.9828913066758082,139.56774453417813,0.7642874361032262,1.136065145846646e+20,0.7940596231808446,2.8539748330953114,0.15489175298537358
93,rl_dataset_delta_sampling_maxloop=2_grid_51_preprocessed/trajectory_0448.json,448,21,12.053923399758073,10.761300119350913,2.5323348936141103,0.573996352369432,76947.74329785818,0.689277142122061,0.7511948483032893,213.36603324738076,7.430393190757111,3.951485913375511,4.331963552436146,340.2469635802471,12.697649565099,10.832352296273266,1.2177345711050103,0.9798367918157102,138.83365947563698,0.7638322719167814,1.1400550541224596e+20,0.6268575799549089,2.8761176740811014,0.15482533595052272
94,rl_dataset_delta_sampling_maxloop=2_grid_51_preprocessed/trajectory_0404.json,404,21,12.040287384481315,10.77533448583555,2.4815451377068656,0.5733470183086341,76959.8915726242,0.6901247105143254,0.7612546294475493,208.14013490723184,7.430392689503613,3.975352344435943,4.606100742125367,340.12350679012366,12.650407528531414,10.758957288763783,1.2123789632441864,0.9818867993650672,138.5154968612399,0.7638745732609308,1.1412882488137699e+20,0.6596136518858731,2.729214998363119,0.1547278486399733
95,rl_dataset_delta_sampling_maxloop=2_grid_51_preprocessed/trajectory_0415.json,415,21,12.039493337307302,10.729619472890647,2.6304414718041342,0.573309206538443,77141.61802784307,0.6876047526887933,0.7581539148206553,210.2010772710787,7.430393784973221,3.897828402982035,4.259925201832798,295.24696358024715,12.63930869358406,10.812820193566035,1.2078394583901733,0.9810764619222422,139.28629219508315,0.7630888949612368,1.1375587887017828e+20,0.6311431774388182,2.8774198297588436,0.15541276108554833
96,rl_dataset_delta_sampling_maxloop=2_grid_51_preprocessed/trajectory_0258.json,258,21,12.025137675366013,10.697602914057665,2.663682741975965,0.5726256035888577,76435.45147961342,0.6879674479788406,0.7585036095660863,203.90693294231448,7.430388434023293,3.907639692700706,4.240389669643847,420.1235367901236,12.640886664145842,10.745291469823261,1.1979772510893973,0.9800306700349317,139.4229062876312,0.7624033289078618,1.133108147406756e+20,0.6327311641043858,2.8733260822480187,0.1554347189218852
97,rl_dataset_delta_sampling_maxloop=2_grid_51_preprocessed/trajectory_0543.json,543,21,12.017388933521843,10.714001542170456,2.5491454517785654,0.5722566158819925,76995.92263992161,0.6875346080929052,0.7602377559399377,210.65285935400962,7.43038755675312,3.8929428020703583,4.145064080158574,425.24700358024705,12.635656249809818,10.799480092372097,1.2096200734579141,0.9840548164876812,139.33088496625786,0.7639389482094683,1.1378841851684277e+20,0.6301016154125358,2.8764354486582273,0.15531581514467316
98,rl_dataset_delta_sampling_maxloop=2_grid_51_preprocessed/trajectory_0463.json,463,21,12.005189818703657,10.711066228534863,2.4341775142265254,0.5716757056525551,76016.73368139115,0.6879566365287638,0.759799310760531,206.24107886725182,7.430391323528617,3.9158960871821873,4.127130940324281,320.24697358024713,12.630204954970269,10.766269032818375,1.1994646670455809,0.9803694591336806,140.0292198026169,0.7621906305671349,1.13255447448891e+20,0.6341673322178241,2.8782807855976498,0.1562275871333343
99,rl_dataset_delta_sampling_maxloop=2_grid_51_preprocessed/trajectory_0348.json,348,21,11.969976940051122,10.612972348794042,2.4100687613488563,0.5699989019071963,75363.4195205633,0.6885033430038798,0.7424398592622504,204.4209345790208,7.430397394852175,3.9388327880669323,4.338538499511669,370.55561555555573,12.52255745738067,10.722567160069602,1.198073729848127,0.981961536260088,141.20933188429845,0.7623702418407401,1.1322183374398498e+20,0.6662130185875381,2.8058697145079474,0.15567416622846428
100,rl_dataset_delta_sampling_maxloop=2_grid_51_preprocessed/trajectory_0070.json,70,21,11.959943009030551,10.712627762887623,2.1538757726606867,0.5695210956681215,76984.37472478767,0.6889359505874529,0.7586190910747126,210.3259804106258,7.430398373457276,3.950091991864668,4.341018178925891,230.37039037037061,12.732682257560006,10.936212466487198,1.2085439598055094,0.981031512787256,139.2014507192531,0.7634189719795041,1.1356044303230194e+20,0.6325904094150129,2.8807543933376385,0.15556868797012322
101,rl_dataset_delta_sampling_maxloop=2_grid_51_preprocessed/trajectory_0066.json,66,21,11.944937904674173,10.624904151940536,2.4467716819774274,0.5688065668892464,76244.35839632129,0.688164094595548,0.7560755485889951,205.81527575945807,7.430386669301549,3.928794783746763,4.243568007088654,330.1852451851854,12.64857969593729,10.77150136542091,1.197213858554749,0.9804972265138501,139.95282356589297,0.7621426640851091,1.1301061657698561e+20,0.6334425258921341,2.875935469857508,0.15604965661274742
102,rl_dataset_delta_sampling_maxloop=2_grid_51_preprocessed/trajectory_0146.json,146,21,11.944672003414475,10.61448119747141,2.584502986813755,0.5687939049244988,76641.84276191746,0.6873365127991788,0.7579634943038474,208.2136866696025,7.4303933433445675,3.8892320227701314,4.202206821522676,435.247003580247,12.644928022283844,10.804288378083939,1.205697177310998,0.9815598487291833,139.68901672002994,0.7629376651602553,1.1347648612144221e+20,0.6341905259433915,2.877435070953133,0.15541837291060173
103,rl_dataset_delta_sampling_maxloop=2_grid_51_preprocessed/trajectory_0528.json,528,21,11.934735522044177,10.585312440410064,2.6904939343675687,0.5683207391449608,77337.49072780665,0.6901441891141871,0.7569253745710052,210.56926547550114,7.430393642912581,3.97869271711333,4.457475299256631,370.30870197530885,12.657859766756346,10.796313783971218,1.211298508489465,0.9847052875010368,139.13495364860213,0.7654195635972366,1.1384571916508055e+20,0.6348974160646192,2.8801745262629703,0.15390253015685393
104,rl_dataset_delta_sampling_maxloop=2_grid_51_preprocessed/trajectory_0132.json,132,21,11.928294415348477,10.51012211380858,2.607529492866464,0.5680140197784989,77122.05879362498,0.6878114874192717,0.7564205247508933,209.3360653917537,7.430392679344937,3.931648950245719,4.811336816769258,450.0618183950619,12.562921283436008,10.900440981955944,1.2130418266561294,0.9886644433863333,139.72541008196757,0.7647435051199579,1.1402631298937753e+20,0.6257705506728396,2.8712784456071296,0.15443783692845617
105,rl_dataset_delta_sampling_maxloop=2_grid_51_preprocessed/trajectory_0378.json,378,21,11.913468681000445,10.588989002256023,2.3968715359999315,0.5673080324285926,77795.02300765536,0.6902594723030722,0.758745426717058,210.12080146003012,7.430379549656513,4.00631832878488,4.6455775967487165,385.3087119753088,12.693308171270333,10.789890558566656,1.2083415441294358,0.9847367488249462,139.1757895430936,0.7648776609915732,1.1370948065163911e+20,0.6303157573544723,2.87984664854063,0.1542276985184115
106,rl_dataset_delta_sampling_maxloop=2_grid_51_preprocessed/trajectory_0389.json,389,21,11.90873627583312,10.615358298497679,2.4154944616258547,0.5670826798015771,75717.1822427563,0.6876120798249359,0.7536044438887043,203.8072520831438,7.430386890023838,3.898899691043123,4.169154928602367,370.1852551851853,12.602571726125289,10.759380797975583,1.1929427014559255,0.9785602713138571,140.10232997444402,0.7610696737045545,1.1309699859370747e+20,0.6334437967318922,2.876065176561015,0.15647255139373104
107,rl_dataset_delta_sampling_maxloop=2_grid_51_preprocessed/trajectory_0394.json,394,21,11.895121820170603,10.592162553072573,2.618218420032468,0.5664343723890763,77218.86227203942,0.6874808343846988,0.7597652794982578,209.14711874033196,7.430390826309152,3.9064298718149577,4.241425057170297,420.3087319753088,12.667016492629934,10.790050673311676,1.2036694228565015,0.980456142315466,139.23289221006232,0.7631143119933191,1.1344204488748247e+20,0.6323249659033056,2.879680260311994,0.1553935518116792
108,rl_dataset_delta_sampling_maxloop=2_grid_51_preprocessed/trajectory_0067.json,67,21,11.893912015880833,10.610324856186246,2.5214442810585718,0.566376762660992,76743.93377409453,0.6870520533820947,0.7597753593230927,206.87847886956587,7.430393584787222,3.8746923353185196,4.09339644041403,250.18521518518546,12.667550204921806,10.784451035582277,1.2036673846055024,0.980534026397963,139.1101091220462,0.7630026027106472,1.1369153576477296e+20,0.6256839367396456,2.874030028084546,0.15556794111672642
109,rl_dataset_delta_sampling_maxloop=2_grid_51_preprocessed/trajectory_0475.json,475,21,11.893578348395012,10.593689959027454,2.4842153179777338,0.5663608737330958,76883.8685322587,0.6876426428909522,0.7604628860087103,207.47452135100733,7.4303935263318435,3.9014134622701624,4.395407726800375,415.1235367901236,12.608282941495695,10.755449952386224,1.2053912516225216,0.9844386857419699,139.4953385850039,0.7635523778218535,1.135341205624656e+20,0.6308681947491857,2.87307440932641,0.15531056645857103
110,rl_dataset_delta_sampling_maxloop=2_grid_51_preprocessed/trajectory_0363.json,363,21,11.870484531097187,10.524043686885026,2.6141890701698154,0.5652611681474851,76770.58422679908,0.6879187755537675,0.740543577006754,206.47957086084136,7.4303933293255175,3.925675790487527,4.2727289155699415,270.740780740741,12.510778369651213,10.798520982131347,1.1972813417413866,0.9802368178042475,140.71112657114986,0.7634195499613018,1.1334190947078416e+20,0.6352176036141138,2.896726035828844,0.15510500907370858
111,rl_dataset_delta_sampling_maxloop=2_grid_51_preprocessed/trajectory_0018.json,18,21,11.866419354197987,10.559897522711438,2.6346541429582473,0.5650675882951423,76576.86662205866,0.6875391365997015,0.7541464540507572,206.8072339984694,7.430392602476048,3.896450901005765,4.281542132750595,280.18522518518535,12.62381582810877,10.789377656557255,1.200207335782981,0.980762350105934,139.52629985357026,0.7621367932275042,1.1329017046348841e+20,0.633444465504834,2.8757091443729275,0.15556770134690423
112,rl_dataset_delta_sampling_maxloop=2_grid_51_preprocessed/trajectory_0449.json,449,21,11.826455235517889,10.53034427003092,2.612601524632708,0.5631645350246614,77821.85089821409,0.6883347705545616,0.7543934786173702,214.69205488937968,7.430390605571563,3.9080131636465962,4.19727689017674,450.37046037037044,12.676418680509393,10.937479846689758,1.219828609361596,0.9846439227434657,139.12003502428007,0.7659731607982777,1.1409079922267752e+20,0.6636995701159482,2.7980657701307874,0.15397524109064395
113,rl_dataset_delta_sampling_maxloop=2_grid_51_preprocessed/trajectory_0278.json,278,21,11.818155096532688,10.515886518475819,2.5416719539376045,0.5627692903110804,76803.6576159844,0.687078896993195,0.7604572494832508,208.41175679555198,7.43038891688581,3.879473384106749,4.146122234686238,435.247003580247,12.729066926120469,10.809688989147574,1.2059868157404094,0.9821969947723742,139.52042618354213,0.7630289613564082,1.1352336490646546e+20,0.6341683239418331,2.8779672764041906,0.15535777221356534
114,rl_dataset_delta_sampling_maxloop=2_grid_51_preprocessed/trajectory_0138.json,138,21,11.813843356588055,10.503612882089142,2.5877172295128554,0.562563969361336,77464.9620063014,0.6905473759489466,0.7434172905291081,213.72836477195432,7.430396219579459,3.986950071273101,4.5302718626686636,400.67908234567915,12.68690043881691,10.96655127062798,1.2196722850136381,0.9860305778026767,139.63375628209906,0.7661088393724325,1.1400337828517311e+20,0.6344172103743498,2.893378145735638,0.1535445957570275
115,rl_dataset_delta_sampling_maxloop=2_grid_51_preprocessed/trajectory_0100.json,100,21,11.807556378255772,10.549485732764367,2.475479692087914,0.562264589440751,77645.79848847957,0.6888791233630357,0.7588186535893174,211.81522799805296,7.430392354798146,3.933131218748882,4.280563641580088,300.3704103703706,12.681152518527899,10.814116524669142,1.2127576315683872,0.9837607520277841,138.6977139414313,0.7651143186786724,1.1390330832116613e+20,0.6331676279097944,2.8816080867052483,0.15417471168924077
116,rl_dataset_delta_sampling_maxloop=2_grid_51_preprocessed/trajectory_0295.json,295,21,11.773811963587352,10.503602947777145,2.4202622396240225,0.5606577125517787,77422.24852943007,0.6881776240046813,0.7612554018536799,212.280811533318,7.430395532831086,3.912402850072227,4.415057319618162,400.24698358024705,12.643317411184837,10.883637857268099,1.2159197147151766,0.9850627492224829,139.0466722677591,0.7647143624190432,1.140644396881827e+20,0.6628046354404524,2.7318092433194447,0.1543256561819282
117,rl_dataset_delta_sampling_maxloop=2_grid_51_preprocessed/trajectory_0598.json,598,21,11.76724016633723,10.456470421517329,2.5857670013844443,0.5603447698255823,76321.52517944272,0.6874996056444181,0.7432039401844237,203.83550015401525,7.430392269019887,3.898135577437666,4.197516424280628,335.55561555555573,12.524988276516394,10.787190715329166,1.1977530067624442,0.978597807803542,140.32800634259692,0.7629634845331368,1.136185911544583e+20,0.6317552013924962,2.8897884918989796,0.1554399919798105
118,rl_dataset_delta_sampling_maxloop=2_grid_51_preprocessed/trajectory_0251.json,251,21,11.76356891474918,10.472658401541942,2.528612259310304,0.5601699483213896,77656.16756722963,0.6884918817557228,0.7563889499953914,208.6721912312028,7.430390940178042,3.9251070037808136,4.360224605910948,325.12350679012366,12.649626882579705,10.8333772719467,1.204156193281925,0.9830572154399028,138.41509543996023,0.7645735489188706,1.135458429366461e+20,0.625878791295762,2.8712795487191682,0.15449237276424166
119,rl_dataset_delta_sampling_maxloop=2_grid_51_preprocessed/trajectory_0416.json,416,21,11.746350380309668,10.47214021766089,2.628390273804653,0.5593500181099842,77213.48633436004,0.689133717449261,0.7611123284170939,212.0166158853598,7.430393234269608,3.924625275443602,4.4343374830538185,420.37046037037055,12.669159227279401,10.860814373244839,1.2158865924642654,0.9861096744284938,138.6427290523113,0.7650104114636461,1.1414723365597073e+20,0.6331585185087794,2.881498799241546,0.15422953809409143
120,rl_dataset_delta_sampling_maxloop=2_grid_51_preprocessed/trajectory_0245.json,245,21,11.725451252566295,10.457386584140437,2.5095341512736775,0.558354821550776,77792.58119863445,0.6905679859806726,0.7539935867829004,212.48503489829372,7.430394370208367,3.973290116166818,4.43993060705073,440.246993580247,12.57238812388889,10.79113718038631,1.2142400027776643,0.984231230561678,138.13091436517414,0.766406305991584,1.1398221868125546e+20,0.6303970384177525,2.8772253224453017,0.15342483945267396
121,rl_dataset_delta_sampling_maxloop=2_grid_51_preprocessed/trajectory_0181.json,181,21,11.707884864208008,10.362834636664754,2.3027310378280967,0.557518326867048,77269.23425618165,0.6900444882739124,0.7420177623051865,210.1948259288811,7.430391985634898,3.9897120292443318,4.549297265941071,449.4445244444446,12.49414729618069,10.805840223875732,1.2074444294271958,0.982977209588832,139.15365568499527,0.7646189247616171,1.1357782895790608e+20,0.7998404025349128,2.848279782227827,0.15425416880320306
122,rl_dataset_delta_sampling_maxloop=2_grid_51_preprocessed/trajectory_0583.json,583,21,11.683693693192813,10.40951896980323,2.379265645876942,0.5563663663425149,75922.741641016,0.6876631196374562,0.743989225125019,206.74378276577164,7.4303825399982335,3.9045971468166645,4.203934447265115,420.6173739506174,12.517299996957346,10.787207729210737,1.2024159668685919,0.9809027213582674,141.17221993739108,0.7626552249257349,1.133427972126256e+20,0.6383102452972939,2.8926216526534905,0.15574526827728977
123,rl_dataset_delta_sampling_maxloop=2_grid_51_preprocessed/trajectory_0361.json,361,21,11.682372925087586,10.352123189614971,2.589291215109969,0.5563034726232183,77264.0904942266,0.6886182778925333,0.7432691915753962,211.29119676857243,7.430393432715391,3.9380103922221603,4.3786611938257725,440.61737395061743,12.534831481545611,10.830052067329245,1.211538159760764,0.984549843908158,140.85952804282883,0.7648268617358432,1.1384365113743886e+20,0.6383195904990968,2.892333521775591,0.15412542413972075
124,rl_dataset_delta_sampling_maxloop=2_grid_51_preprocessed/trajectory_0497.json,497,21,11.676417849663522,10.410396774354318,2.397087846898827,0.5560198976030248,77901.51436697909,0.6912057657824076,0.7596808579838003,212.40366287224515,7.430395551477826,4.01135076825764,4.445149181103676,400.3087119753088,12.698454111349237,10.816143426965594,1.213177896722448,0.9835282370080102,138.53750142619705,0.7654514358713808,1.1400274413184467e+20,0.6319628482617787,2.8791869381231807,0.15366567435034484
125,rl_dataset_delta_sampling_maxloop=2_grid_51_preprocessed/trajectory_0064.json,64,21,11.626990108892365,10.36060216939563,2.4269259691556773,0.5536661956615412,76892.79925056286,0.6878710857006209,0.753277252321846,209.04391987591052,7.430391963211845,3.9145769996416178,4.272610232955274,440.1852851851853,12.62972203308899,10.779881742536743,1.203937563342379,0.9809976966250004,139.71114624980098,0.7632408464823653,1.134128960489e+20,0.6310418195746242,2.8753824226412537,0.15545333337697823
126,rl_dataset_delta_sampling_maxloop=2_grid_51_preprocessed/trajectory_0142.json,142,21,11.597964140338027,10.285332416058813,2.64910325911006,0.5522840066827632,77801.10430445365,0.6890619316623633,0.7498138322053685,212.244912598551,7.430395821441596,3.9409285475422657,4.547244814052792,400.24698358024705,12.567872477923647,10.782479768368793,1.2134139313786985,0.986710593590619,138.8403648489305,0.7660115815837302,1.1400057595155271e+20,0.6341725435177292,2.877550361055009,0.15346148219164502
127,rl_dataset_delta_sampling_maxloop=2_grid_51_preprocessed/trajectory_0467.json,467,21,11.585269157069542,10.354736005041431,2.601181891730943,0.5516794836699782,76994.62278721438,0.6862614292499144,0.7582203637744573,208.73923790602436,7.430398583810831,3.830737261950856,4.156957847165367,265.1234867901237,12.698493253945703,10.749714288025446,1.2120694125982177,0.9852399515041479,138.9045075319013,0.7640087546996561,1.1422475971557889e+20,0.6327239656925436,2.873172161071544,0.1547319223310462
128,rl_dataset_delta_sampling_maxloop=2_grid_51_preprocessed/trajectory_0364.json,364,21,11.575293951851796,10.296887880485272,2.4716392168855386,0.5512044738977045,77141.69015239281,0.6903390926289171,0.7367883328254716,210.54397206785552,7.430384119914915,3.98141621419588,4.383316946781434,376.4815414814815,12.56359959281953,10.802247789234825,1.2101834855194025,0.9827541617992112,139.68861076487948,0.7653346481899734,1.1382162605426776e+20,0.6509997594732427,2.7179498118034418,0.15359042831084788
129,rl_dataset_delta_sampling_maxloop=2_grid_51_preprocessed/trajectory_0509.json,509,21,11.550567396129445,10.252415980745592,2.609167599429626,0.5500270188633068,77607.25824832596,0.6894334473797945,0.7431620715967544,210.75543311540005,7.430390508178247,3.94874529991811,4.511077694170032,350.5556055555557,12.535890953377798,10.819173268066978,1.2124279066270978,0.9885006098167128,139.33890177573133,0.7666233553035995,1.1398801308537107e+20,0.6382434641872061,2.889027737270063,0.15319645887784147
130,rl_dataset_delta_sampling_maxloop=2_grid_51_preprocessed/trajectory_0516.json,516,21,11.53246771437743,10.235434748546686,2.5480198878544753,0.5491651292560681,78255.8983374428,0.6875099116404768,0.7512880385935482,212.51251327815712,7.430394826273511,3.8901918197943037,4.223966858823655,395.43216876543227,12.69142224222809,10.878851674055104,1.212269731804459,0.9831745931158613,138.24691324325647,0.7661690912418927,1.1364628428364456e+20,0.6285112526994608,2.8826313203885254,0.153680671658204
131,rl_dataset_delta_sampling_maxloop=2_grid_51_preprocessed/trajectory_0236.json,236,21,11.528100551457243,10.223464337760904,2.2242984488240287,0.5489571691170115,75998.26578184403,0.6874412190877595,0.7291277043890287,208.14943645933835,7.430392682976628,3.898552155291263,4.246579871576678,388.95068728395074,12.465755978966936,10.77324983906015,1.2034905072403923,0.9830969318517667,139.31930248998322,0.7623994843955835,1.1334796811673816e+20,0.7465383969705548,2.830679310290726,0.15612403652060994
132,rl_dataset_delta_sampling_maxloop=2_grid_51_preprocessed/trajectory_0438.json,438,21,11.515364683259953,10.251872323051018,2.6039204076501754,0.548350699202855,77527.22388539968,0.6866380106597939,0.7609640647545924,209.20040783484157,7.43039457605518,3.867670305835571,4.194050162389561,390.2469935802471,12.620556488906876,10.785277613957263,1.2056819573791124,0.9819876799333503,139.11934159054806,0.7636321135733978,1.1364745016386555e+20,0.6318483721275223,2.8773163683204968,0.15492312495074123
133,rl_dataset_delta_sampling_maxloop=2_grid_51_preprocessed/trajectory_0151.json,151,21,11.511654876707057,10.241634850860041,2.4066033644715477,0.5481740417479551,76824.6196167955,0.6877487571018058,0.7586038314841183,207.1609016255547,7.430391828565097,3.907991741836761,4.20301527313446,420.3087319753088,12.710774361041258,10.790638975546338,1.2013091970633585,0.9820459311629092,139.6689594700584,0.7629069948509454,1.1326773146262394e+20,0.6349149589140363,2.8803541933965393,0.15542033911186137
134,rl_dataset_delta_sampling_maxloop=2_grid_51_preprocessed/trajectory_0242.json,242,21,11.481675961104834,10.240858313878686,2.4539689711229684,0.5467464743383255,78099.27522483307,0.6876123273093588,0.7609306911438914,213.34391539485154,7.430393625599917,3.883205926446994,4.237432980854707,410.3087119753088,12.66389997700763,10.86633508598362,1.215605235828932,0.984703356452922,138.46026663647825,0.7650539164997001,1.1377209212743308e+20,0.6303418983818357,2.8790896768991123,0.1538501689428746
135,rl_dataset_delta_sampling_maxloop=2_grid_51_preprocessed/trajectory_0419.json,419,21,11.479828098976755,10.201849843976529,2.2704284735263425,0.546658480903655,76794.11751085347,0.6892951630533055,0.7498932731810448,207.01500059318374,7.430395526545763,3.9588223511168117,4.516887850084693,339.69140802469155,12.368795898595103,10.746749204058887,1.1991742192797492,0.9834007019166946,138.99198196818406,0.7642148177892754,1.1375401355906435e+20,0.7963795742776683,2.855894301187024,0.15461998146438397
136,rl_dataset_delta_sampling_maxloop=2_grid_51_preprocessed/trajectory_0084.json,84,21,11.470852428191295,10.220250687025302,2.5533899598939307,0.5462310680091093,77166.97990352561,0.6857687835059172,0.7580760792279945,211.20324675903942,7.43039372263027,3.8252543843732405,4.139151333286576,270.2469535802472,12.677777418664634,10.80692037394151,1.2111920442005641,0.9818749670207492,139.11435106068674,0.763227757349116,1.1375226584901924e+20,0.6325565261324454,2.877294942734223,0.15506038127572552
137,rl_dataset_delta_sampling_maxloop=2_grid_51_preprocessed/trajectory_0224.json,224,21,11.463055749171499,10.20441142669596,2.6012583382116214,0.5458597975795951,77714.48823835936,0.6860353973930294,0.7596754838694473,210.96376202053082,7.430392929036186,3.837291341982041,4.063745931855751,430.246993580247,12.668038521720266,10.801569968127904,1.2104360246323385,0.9830430395487935,139.15210269020344,0.7641235209127647,1.1379971854774323e+20,0.6318497260194571,2.877371429664806,0.15427525029622677
138,rl_dataset_delta_sampling_maxloop=2_grid_51_preprocessed/trajectory_0326.json,326,21,11.443805027124602,10.18790425645064,2.635068004837299,0.5449430965297429,78204.10571611369,0.6895924974337583,0.7517726826995874,215.54190212825802,7.430391100333593,3.921774262785276,4.415982768066307,360.1852351851853,12.733092885663677,10.965211893857719,1.222191854767038,0.9881856877307723,137.75973062386285,0.7682938095137403,1.1434805253083854e+20,0.6334350557232777,2.8747662966035548,0.15237151028980356
139,rl_dataset_delta_sampling_maxloop=2_grid_51_preprocessed/trajectory_0114.json,114,21,11.440798998648452,10.158388165462107,2.6479044064397983,0.544799952316593,78067.83353807493,0.6868812956265151,0.7587158614522918,211.17638630603665,7.430390496275375,3.868842859244488,4.2704875245747,440.12354679012356,12.635947478541375,10.781576256492336,1.2121565235821665,0.9846186063935173,138.90199306458646,0.7647248846378223,1.1383617544677573e+20,0.6327286512728721,2.8730521399316062,0.15397552410038648
140,rl_dataset_delta_sampling_maxloop=2_grid_51_preprocessed/trajectory_0290.json,290,21,11.429130864109675,10.17309416205633,2.580412211180981,0.5442443268623655,77298.3239563952,0.6865068240511812,0.7574706094807967,206.94831340277503,7.4303917948946205,3.8593402484673427,4.176648401190261,285.3086919753089,12.671439160168594,10.798756807927905,1.2034005646730472,0.9827349324356712,139.22464694289698,0.7633158006038463,1.1354258542172494e+20,0.6349214132389235,2.8800772493667006,0.1550814234087509
141,rl_dataset_delta_sampling_maxloop=2_grid_51_preprocessed/trajectory_0194.json,194,21,11.412706764449123,10.106280765562222,2.6078245123578974,0.5434622268785296,76538.32134332857,0.6868863790157006,0.742412322641893,209.23246131303145,7.4303952592161275,3.8751632356606502,4.197490703841998,360.5556255555557,12.526678372483078,10.81123035111053,1.206422199981817,0.9834737708753355,140.75871838338227,0.7632266217455338,1.1348342455841604e+20,0.6398858609855828,2.889819631261906,0.15476297513441153
142,rl_dataset_delta_sampling_maxloop=2_grid_51_preprocessed/trajectory_0030.json,30,21,11.412677567538461,10.16328614621412,2.4881842091436184,0.5434608365494505,77364.40187933126,0.6873401658520966,0.7608332898110022,210.0425376202546,7.43039298883898,3.8936968348864665,4.380699734413584,420.18527518518533,12.640653492105168,10.772902971217585,1.2073489469173244,0.982233961931081,139.4090212306834,0.7636050547515282,1.1362371263553695e+20,0.6294844694844752,2.8753817767879912,0.1549586719338018
143,rl_dataset_delta_sampling_maxloop=2_grid_51_preprocessed/trajectory_0157.json,157,21,11.407593980356623,10.17437092238033,2.486253133558346,0.543218760969363,77798.43536563186,0.6888975769205783,0.7576190633094572,212.07035351402052,7.430392368985477,3.9012944552860453,4.373551291130914,400.06178839506185,12.670167971593791,10.899780568011527,1.2141291934783813,0.9878279864230697,137.81855242279406,0.767141070897328,1.1418399436696954e+20,0.6253924834140416,2.8685758371143026,0.1530439660000127
144,rl_dataset_delta_sampling_maxloop=2_grid_51_preprocessed/trajectory_0044.json,44,21,11.403520573519325,10.11268293910056,2.554013419323388,0.5430247892152059,76799.51690823236,0.6866640408545631,0.7584457827216589,209.5006914983365,7.430393619606541,3.862608880691487,4.202841388223156,385.3704503703706,12.71017360541507,10.767657361148107,1.2087225078135844,0.9840569669988334,139.72786919183505,0.7630701212131309,1.1368987262868195e+20,0.6356782836043943,2.8827015070029876,0.1551776134406222
145,rl_dataset_delta_sampling_maxloop=2_grid_51_preprocessed/trajectory_0380.json,380,21,11.393346368097738,10.161792665963388,2.4726309269063584,0.5425403032427495,76903.47081379444,0.6856454879303981,0.7592910862274226,208.33308063743726,7.430393366864022,3.815598690503025,4.225447396747246,385.3087119753088,12.664678222613857,10.80854556700442,1.206439178867935,0.9838828957168864,139.28040722269296,0.7636120396818585,1.1367079294703845e+20,0.631972258648532,2.8797517750403494,0.15494157449080406
146,rl_dataset_delta_sampling_maxloop=2_grid_51_preprocessed/trajectory_0558.json,558,21,11.389283186220746,10.154403254052802,2.4825351575604433,0.5423468183914641,77341.76705890453,0.686421183166745,0.7618171400269682,206.78236272833018,7.430392094222869,3.84903887501814,4.129286999314058,270.2469535802472,12.68998884418715,10.807068977579597,1.2031405230794232,0.9821138247453541,138.7652512068441,0.7641855552426033,1.1367430184786385e+20,0.6261775769767521,2.876071923734667,0.15487605153967052
147,rl_dataset_delta_sampling_maxloop=2_grid_51_preprocessed/trajectory_0256.json,256,21,11.384398053687086,10.125650626443653,2.4721745239092874,0.5421141930327184,77431.08943753647,0.6887899086577529,0.74432476729859,211.31198870433394,7.430388460933616,3.9227212802106086,4.190186800789984,365.49388716049395,12.50757773010078,10.776188363187526,1.2130994969565176,0.9842691385579666,138.57645372277557,0.7652317714780698,1.1395990446505987e+20,0.637170551596083,2.8859730567860584,0.15376909290853394
148,rl_dataset_delta_sampling_maxloop=2_grid_51_preprocessed/trajectory_0553.json,553,21,11.379533037058106,10.080728142237072,2.475468630509184,0.5418825255741956,76336.750517704,0.687396161144095,0.7408971927068332,208.0292574013563,7.430393404426425,3.892062509537618,4.20644688585611,445.6791123456791,12.469059972189525,10.774083680874526,1.2042905606447016,0.9837715985545951,141.12772870809482,0.7632787726364699,1.1342140087042082e+20,0.6354883432961825,2.8947569636529527,0.15501328845226592
149,rl_dataset_delta_sampling_maxloop=2_grid_51_preprocessed/trajectory_0427.json,427,21,11.366729756447631,10.148584780162654,2.3525954233620197,0.5412728455451253,76997.36573826335,0.688328264983981,0.7444978068773068,212.51568790797248,7.430394880234459,3.899098472104557,4.467977447762631,380.6790723456792,12.48123641394785,10.789485802303215,1.2144825534677572,0.9858770047118415,139.48904173827881,0.765824625243618,1.1402633109665766e+20,0.6358004649810559,2.8934381178039597,0.153763164264708
150,rl_dataset_delta_sampling_maxloop=2_grid_51_preprocessed/trajectory_0012.json,12,21,11.35799923399316,10.062338811936028,2.5955580739039847,0.5408571063806267,78227.50939223157,0.686279329784181,0.759884007075431,211.10856470548975,7.430383580475055,3.850872339218286,4.46426072092594,420.493907160494,12.722154521723889,10.845797254070181,1.2094644604389,0.984624311845603,138.87194380166173,0.7655632583793324,1.1356291915283469e+20,0.6316460336233164,2.886333427461398,0.153648926474618
151,rl_dataset_delta_sampling_maxloop=2_grid_51_preprocessed/trajectory_0239.json,239,21,11.357088745354083,10.135196024490313,2.4800059487340964,0.5408137497787658,77971.96812284233,0.6884685694005481,0.7584865199691637,213.84800791665324,7.430390158007281,3.9062432963881077,4.28816508358888,240.3086619753089,12.697300093333562,10.859183104415358,1.2165413222622983,0.9862084948881481,138.42832382801467,0.7652033169713682,1.140456794094996e+20,0.6303432254435813,2.879085211699756,0.15353971228405036
152,rl_dataset_delta_sampling_maxloop=2_grid_51_preprocessed/trajectory_0231.json,231,21,11.354629036522631,10.128982216624092,2.4412379354869853,0.5406966207867919,78247.63178241614,0.6870131754718436,0.7584739865824803,214.1419391262737,7.430393551275581,3.86022363340594,4.147974438962412,280.3704103703706,12.738977157617994,10.906143487652145,1.2181268609071736,0.9853268328524525,138.18628162049384,0.7651201147985746,1.1399407883137643e+20,0.6320829919291386,2.8813991122910836,0.153542839769322
153,rl_dataset_delta_sampling_maxloop=2_grid_51_preprocessed/trajectory_0078.json,78,21,11.341120523743161,10.054822242407552,2.5037555697169873,0.5400533582734839,77569.93612637183,0.6903165305132525,0.7596182080875727,210.78320376840753,7.430393668389152,3.9796284765962775,4.4137073653556,396.9136402469137,12.698753681250853,10.92261878268735,1.210961606059485,0.9852880331726241,138.09070542722648,0.7669428942971505,1.1401539185772264e+20,0.6628989277410026,2.793915831885452,0.1527839023115848
154,rl_dataset_delta_sampling_maxloop=2_grid_51_preprocessed/trajectory_0049.json,49,21,11.334021853337239,10.068260767991566,2.410087541642521,0.5397153263493923,76908.1099121067,0.687009002986507,0.7570776304108714,208.4439421671462,7.430394608296541,3.8798080601570266,4.192241558571611,365.1235267901236,12.606981944705494,10.775094689957784,1.204927333233618,0.9832594412220983,139.48890801431816,0.7630923179150254,1.1344340886647226e+20,0.6282687662569282,2.8732320104168516,0.15521022591261976
155,rl_dataset_delta_sampling_maxloop=2_grid_51_preprocessed/trajectory_0173.json,173,21,11.321889370210734,10.101913611255304,2.51311019536639,0.539137589057654,77059.51210290258,0.685588242322649,0.7605466069588253,212.14206452853182,7.430393553473797,3.8135238187302742,4.069249284170801,270.3704103703707,12.669291004475038,10.789571154432007,1.2147508879070896,0.9838629172277266,139.0155509307256,0.7634313978698288,1.1394297354015506e+20,0.6315463273365475,2.881983145786852,0.15495937156225956
156,rl_dataset_delta_sampling_maxloop=2_grid_51_preprocessed/trajectory_0526.json,526,21,11.312920424175822,10.064664211085535,2.137209326403908,0.5387104963893249,76982.83185173244,0.6888905042572657,0.7356107471874218,209.64550358743696,7.430390669339331,3.9446941190681786,4.292890213543429,314.1975708641977,12.446430604252589,10.764178447351071,1.2063944378538147,0.982264001209297,138.9896744080634,0.764051456096119,1.13605843369088e+20,0.772075609080264,2.8394825822280536,0.15470084058848294
157,rl_dataset_delta_sampling_maxloop=2_grid_51_preprocessed/trajectory_0168.json,168,21,11.307380923022384,10.05979208022745,2.4281952483602183,0.5384467106201135,77289.7735403978,0.6884712370488758,0.7562104428601298,207.15988473357228,7.4303953970986925,3.940905914680709,4.43894337160953,295.06177839506194,12.590474735919598,10.770953478434613,1.2015824178401593,0.9825998669324411,139.03801458808599,0.7630071582137904,1.1360198210583516e+20,0.6282755802057935,2.870824609264678,0.15515061583205847
158,rl_dataset_delta_sampling_maxloop=2_grid_51_preprocessed/trajectory_0215.json,215,21,11.275386722105978,10.009885113977642,2.5094108902173824,0.5369231772431418,77124.70063286053,0.687173901190632,0.7425858456130917,209.9941251990358,7.43038714697213,3.8767752420210533,4.245672347007098,355.6790723456792,12.58546301897955,10.85032308358171,1.2089861361125671,0.9840204496583868,140.19245231315162,0.7642794491769994,1.1364864708860412e+20,0.6389451781976309,2.8942888860829195,0.1542860029230139
159,rl_dataset_delta_sampling_maxloop=2_grid_51_preprocessed/trajectory_0033.json,33,21,11.265991216498135,10.03914202219283,2.4222487167121227,0.5364757722141968,77184.8741809794,0.6864870028277691,0.7429659808646721,210.95940812271436,7.4303949207958455,3.851088506870716,4.117964192615527,270.6790523456792,12.541649539188345,10.793812247141835,1.2107651578163363,0.9826066695480294,139.75187903754588,0.7643586053380939,1.139027519451801e+20,0.6354413717738133,2.8936303305334614,0.1546394518698761
160,rl_dataset_delta_sampling_maxloop=2_grid_51_preprocessed/trajectory_0565.json,565,21,11.251683283341363,9.947784518752876,2.440167881799314,0.5357944420638744,77833.65466995306,0.6856924640079657,0.7606362809081118,211.23340336980425,7.430393430024295,3.8392977850650905,4.430388786441222,390.1852551851854,12.656052864070716,10.806134428879197,1.217463922894678,0.990295830317487,139.0060663165338,0.7658516916272058,1.1419626633931075e+20,0.6334398958775863,2.875363922745768,0.15378617685336313
161,rl_dataset_delta_sampling_maxloop=2_grid_51_preprocessed/trajectory_0203.json,203,21,11.231490074480353,9.989114906408108,2.431220738920781,0.5348328606895406,76999.66824784788,0.6864077245642975,0.7609550266206975,209.60655611068313,7.430390070680741,3.847832614235952,4.207724924127281,440.37047037037047,12.734852956729691,10.765969610913562,1.2099439713855307,0.9849458862379805,139.52393356634516,0.7634518640800022,1.1377933403183653e+20,0.6357050595595943,2.88190579367946,0.15510484837680752
162,rl_dataset_delta_sampling_maxloop=2_grid_51_preprocessed/trajectory_0369.json,369,21,11.228612425686862,10.012116819635008,2.502876503243108,0.5346958297946125,77835.03977561582,0.6867040531876094,0.750337923195056,214.4289581279288,7.430396312291853,3.839761110040321,4.091332290531979,220.18519518518545,12.69208526301383,10.877829206698024,1.2198890512739602,0.9843021375007514,138.69919563180736,0.7648627390300944,1.1388522496244593e+20,0.6323890799362123,2.8751246891715003,0.15389947829072417
163,rl_dataset_delta_sampling_maxloop=2_grid_51_preprocessed/trajectory_0551.json,551,21,11.212518786543587,9.968666933602815,2.114356213136805,0.5339294660258851,77131.04709589384,0.6872757037084577,0.7494270300843611,208.03194683325017,7.430392047593549,3.8835507023468367,4.278588108564187,449.6914380246915,12.42939019600881,10.769832315762834,1.2070021187528175,0.9811205176861941,139.1317288639681,0.7645121071288538,1.1367454176794182e+20,0.796839281280147,2.8559973598024992,0.15437947364210505
164,rl_dataset_delta_sampling_maxloop=2_grid_51_preprocessed/trajectory_0089.json,89,21,11.212322596918714,9.962858223376974,2.2046569337735287,0.533920123662796,77779.04436810304,0.6880497444671086,0.7543682611080716,211.20097291568646,7.430397728532607,3.9100082046162603,4.345464179115454,299.8765832098768,12.559410317546424,10.82977225835972,1.2102396193320857,0.9838050425652746,138.84130432061264,0.7651574235925956,1.1359142576432336e+20,0.8227859459518209,2.8639104970276508,0.15398502936929784
165,rl_dataset_delta_sampling_maxloop=2_grid_51_preprocessed/trajectory_0460.json,460,21,11.207221095835715,9.947328922952835,2.5286150543632573,0.5336771950397959,77027.86399660629,0.6859201593236803,0.7430568814824198,208.5367502410861,7.430395013094782,3.8359281468686404,4.17928499218637,300.5555955555558,12.570381315382516,10.838338382423421,1.2053157934848757,0.9830568083997483,139.9896741009176,0.7638728256597088,1.1351494905878905e+20,0.6336719419390401,2.8895654508051782,0.154325059906215
166,rl_dataset_delta_sampling_maxloop=2_grid_51_preprocessed/trajectory_0094.json,94,21,11.205659379730825,10.002519376413069,2.4172080153612354,0.5336028276062298,76982.09119137074,0.6853570751373946,0.7574174040190921,206.39839677917314,7.430391096591624,3.8016516793755044,4.122302697345031,275.3086819753089,12.641131917285218,10.744572120769561,1.2036809979577372,0.9823021807769022,138.72529795531526,0.7629725805397612,1.1382795350496297e+20,0.6270368865536032,2.878336352519019,0.15505157065186706
167,rl_dataset_delta_sampling_maxloop=2_grid_51_preprocessed/trajectory_0125.json,125,21,11.185485883755339,9.984828311076454,2.468023032083453,0.5326421849407305,77533.83335864588,0.685612628614878,0.754143155646547,213.0345264189317,7.4303921250945555,3.8021818403674064,4.090068117035886,435.30872197530874,12.64235240168312,10.82533325560188,1.2175163005561953,0.9849369805601431,138.96320562021057,0.7651903897749012,1.1407199902130982e+20,0.6326707205724759,2.8795257888898202,0.1539578828842575
168,rl_dataset_delta_sampling_maxloop=2_grid_51_preprocessed/trajectory_0104.json,104,21,11.181472386879577,9.98692253110698,2.3977573082051693,0.5324510660418846,77379.57997864517,0.6859726759592369,0.7590145264717181,210.78235574461988,7.430393293266861,3.8299311960703823,4.065663321895254,435.18527518518533,12.642428421828383,10.816674290299414,1.2103002388715114,0.9833387279212352,139.14108678661788,0.764097338945655,1.1386224773988558e+20,0.6594513070595323,2.7315291211726525,0.1546050067782929
169,rl_dataset_delta_sampling_maxloop=2_grid_51_preprocessed/trajectory_0408.json,408,21,11.172590595426485,9.955077208833018,2.2498715858370404,0.5320281235917373,76800.85568169074,0.6870774934339428,0.7410854752185513,207.35436948258953,7.43038196982503,3.8792160864856196,4.162606675100374,290.6790523456792,12.50098685715898,10.779759472044704,1.202903295619196,0.9827108720224192,139.78924454966707,0.7636070323628387,1.1332367133797894e+20,0.6688434183781597,2.8095196395859303,0.1549874238138108
170,rl_dataset_delta_sampling_maxloop=2_grid_51_preprocessed/trajectory_0250.json,250,21,11.16382162889603,9.955396991597011,2.1883354633162497,0.5316105537569539,77586.98868008527,0.6872965760142472,0.7534438942300691,209.1569840591519,7.430390862761702,3.8894805457228414,4.147410948430467,360.24698358024705,12.63873023811245,10.797782046682249,1.205720051994099,0.9815404650127574,138.93968261726027,0.7634368357489741,1.1356288500342748e+20,0.6308854734588535,2.876023757851502,0.15492662168283597
171,rl_dataset_delta_sampling_maxloop=2_grid_51_preprocessed/trajectory_0197.json,197,21,11.153518763360069,9.934262957581373,2.1628773552186074,0.5311199411123843,77167.29299612367,0.6889470673482895,0.7469019788643488,210.5176725134331,7.430395426596232,3.931815588351241,4.273434895634701,439.62970962962976,12.533687830329303,10.816869717656074,1.210084841195715,0.9840071553362151,138.72549347675366,0.7647955761562452,1.1387085881639171e+20,0.7947533561732427,2.8548851847544587,0.15421726645359649
172,rl_dataset_delta_sampling_maxloop=2_grid_51_preprocessed/trajectory_0435.json,435,21,11.14568921155376,9.904828291395784,2.4912791662808114,0.5307471053120838,77283.89625311457,0.6861852682683754,0.7537944434481089,210.43520133185507,7.43038199724275,3.844025478173654,4.166324489804773,285.1234867901237,12.64833454713737,10.857678765100012,1.2103143091382258,0.9839368639901797,138.8741593647184,0.7643699252206005,1.1388396163665196e+20,0.6264713686892969,2.873032108038185,0.15434890779513963
173,rl_dataset_delta_sampling_maxloop=2_grid_51_preprocessed/trajectory_0522.json,522,21,11.144745353308007,9.912191856554351,2.476270730736335,0.5307021596813337,77720.39789141304,0.6855245032534523,0.758010182523574,211.55040755950563,7.430393723762279,3.8174866107796928,4.22149257725592,355.37043037037057,12.711302452254044,10.86784337912154,1.2132432123395913,0.9860303872191051,139.12961264536602,0.7641696877329137,1.1382124952306247e+20,0.6356836223388125,2.882327035222978,0.1543225762169764
174,rl_dataset_delta_sampling_maxloop=2_grid_51_preprocessed/trajectory_0582.json,582,21,11.130649008246207,9.903724735140683,2.346867133547728,0.5300309051545813,77190.77949587766,0.6861481768425786,0.7532373695664973,208.07506407368663,7.430393451803362,3.848818339614073,4.200251158589456,335.12350679012366,12.543558677927445,10.828058519270412,1.205611208054425,0.9842248454689035,139.10386858821255,0.7636212286997953,1.1344690534604197e+20,0.6289624473810924,2.8732095947296066,0.15470617555512636
175,rl_dataset_delta_sampling_maxloop=2_grid_51_preprocessed/trajectory_0111.json,111,21,11.129184889972121,9.862511034667897,2.259825144446137,0.5299611852367677,77924.32560550144,0.6868821498984032,0.7292471186113262,210.90064897257875,7.430385181940709,3.877780138639636,4.26248703295526,318.9506672839508,12.589744007147983,10.852296339550875,1.2086012677448987,0.9832102557967458,138.71652576498616,0.7645491955038787,1.1364581440097557e+20,0.7514841874833494,2.8305302586787606,0.15434932052445474
176,rl_dataset_delta_sampling_maxloop=2_grid_51_preprocessed/trajectory_0309.json,309,21,11.117287145967198,9.893015145165359,2.472922220086496,0.529394625998438,77731.98042085468,0.6864883457874194,0.7599099773216105,213.06191910217248,7.4303931994781,3.8583183828326844,4.246858489129592,390.24698358024705,12.66862209974183,10.866976836965678,1.2150816273387226,0.9862608060641153,139.32637563136905,0.7655197123249918,1.1391605520836051e+20,0.6616141996079068,2.733339440536386,0.15381265833259894
177,rl_dataset_delta_sampling_maxloop=2_grid_51_preprocessed/trajectory_0507.json,507,21,11.100225680609412,9.883769508476732,2.457733584620258,0.5285821752671149,78874.89653542868,0.6860527624978379,0.7520392281607049,212.30110258953633,7.430390753908454,3.8343535305946093,4.280996746525456,365.3704303703705,12.624883652455722,10.863179822718227,1.2126072015393792,0.9845545458183343,138.24850977920113,0.7657373093614354,1.1385704397008739e+20,0.6666586656822958,2.7981277484118037,0.1532909655109321
178,rl_dataset_delta_sampling_maxloop=2_grid_51_preprocessed/trajectory_0365.json,365,21,11.081827736015,9.808819215119318,2.5364682198732584,0.527706082667381,78362.5041340926,0.687180874277003,0.7582259661601334,212.2565511398335,7.430388367227262,3.8676447809441434,4.5605438324897,430.1235267901236,12.698894238370613,10.93030774718011,1.2172562523038295,0.9888857952712446,138.37773730787046,0.7686680623430894,1.1428288378055241e+20,0.632711982075022,2.8727944968657315,0.15227846067734316
179,rl_dataset_delta_sampling_maxloop=2_grid_51_preprocessed/trajectory_0211.json,211,21,11.069627628304401,9.834905826028919,2.4434351511067343,0.5271251251573524,78718.25689841626,0.6880906993377292,0.7547342656040175,216.1408563084021,7.430392651103709,3.885809450180766,4.351664677676433,435.12352679012355,12.620494951222055,10.918998923877439,1.2248098319667566,0.990426810735326,137.94193562330673,0.7686220062463788,1.1411784072589594e+20,0.6327115951027711,2.872582518037018,0.15213023108583082
180,rl_dataset_delta_sampling_maxloop=2_grid_51_preprocessed/trajectory_0485.json,485,21,11.042507157156416,9.814165155389789,2.287132638608613,0.5258336741503056,78200.12706487025,0.6868164394281314,0.7607438268679634,213.74391003044002,7.430395710212792,3.8527690784111486,4.530688411508763,445.3087319753088,12.605071185342288,10.813564404726023,1.2192111518095872,0.9878718185065287,138.76114667445927,0.7663752220133845,1.1410749981632053e+20,0.6311681522529927,2.8798060098912237,0.15318484916821928
181,rl_dataset_delta_sampling_maxloop=2_grid_51_preprocessed/trajectory_0129.json,129,21,11.041033353883716,9.82085213002727,2.2954882174522266,0.5257634930420817,78350.04023082886,0.6878635104576672,0.7598487216698272,214.4400385758264,7.43039543011721,3.883156622150658,4.271173182190717,355.3086919753089,12.699828039050644,10.870955043854881,1.2177941574802698,0.9861098337766911,138.37364321589365,0.7677119874483073,1.1391210745686417e+20,0.6622542156401692,2.7960590520990705,0.15248558556313185
182,rl_dataset_delta_sampling_maxloop=2_grid_51_preprocessed/trajectory_0387.json,387,21,11.029991235562074,9.790337072984537,2.2325236430516497,0.5252376778839083,77090.24477137902,0.6865649336454588,0.755775134731748,208.20892666606278,7.430392766944287,3.8634140029296495,4.145156554744441,319.8765932098768,12.516409599485415,10.82040316043683,1.2042611275089257,0.9821191477873213,139.3487707675305,0.7632693645946494,1.1336240954442105e+20,0.8282075897242884,2.8641532879960208,0.15486086050324618
183,rl_dataset_delta_sampling_maxloop=2_grid_51_preprocessed/trajectory_0541.json,541,21,11.016141236619276,9.749406689566271,2.50545211757282,0.5245781541247274,77237.43018006388,0.6856429085857078,0.7394368156350928,212.3872428695378,7.430395195992775,3.8229221091376338,4.210654649620004,445.6791123456791,12.631431859339715,10.861352427089352,1.2161800575160642,0.986579305538105,140.7822633713891,0.7645646653783519,1.1392320364651279e+20,0.6354099095554264,2.894569781051559,0.15393139582325766
184,rl_dataset_delta_sampling_maxloop=2_grid_51_preprocessed/trajectory_0291.json,291,21,11.01555061855625,9.810694785736185,2.4320748758333908,0.5245500294550596,78113.32442213278,0.6885863272720927,0.751524447850999,213.16095504349133,7.4303937239027755,3.921271892924552,4.413213200380626,420.246993580247,12.599599391797922,10.91163384958215,1.2185405579133795,0.9858453899017625,138.21321733122767,0.7655267577176043,1.1410106708199198e+20,0.6268585797545376,2.875700584851395,0.1534218529436021
185,rl_dataset_delta_sampling_maxloop=2_grid_51_preprocessed/trajectory_0566.json,566,21,11.0062828028554,9.75451397736402,2.381149560488627,0.5241087048978762,77110.9090611399,0.6867702760754971,0.7377684635388622,210.2621790925781,7.430393143994974,3.874486286406156,4.353196366210757,446.48158148148144,12.482251512886341,10.792034289449647,1.2112102167578134,0.9845062291961707,140.59373238282114,0.7644084167812674,1.1380081430676854e+20,0.6513061215403165,2.7205422386265137,0.15429101627275074
186,rl_dataset_delta_sampling_maxloop=2_grid_51_preprocessed/trajectory_0569.json,569,21,10.976529326244723,9.758452181568654,2.420979166596889,0.5226918726783202,77375.70121882584,0.6863989622156477,0.755305949431303,210.57477563622,7.43038916724468,3.8607301657365882,4.321037966458444,321.9753686419755,12.634914994095643,10.84830335795932,1.209768776555698,0.9836771891616874,139.01935760041982,0.763421409672295,1.137729437079786e+20,0.6618467426041756,2.7964918228272393,0.15480910299337
187,rl_dataset_delta_sampling_maxloop=2_grid_51_preprocessed/trajectory_0484.json,484,21,10.961180958826365,9.779670117705884,2.4374689587827225,0.5219609980393507,77838.59913723322,0.6859135656507651,0.7566262051075726,208.84370049886974,7.430393574517931,3.81358441848239,4.1478192615955685,360.0617883950619,12.534617246970265,10.758886130771804,1.2107119985925696,0.9848062632562583,138.03468877868434,0.7654845306109791,1.1409928295032763e+20,0.6257615838810915,2.870374321832504,0.1537955348251021
188,rl_dataset_delta_sampling_maxloop=2_grid_51_preprocessed/trajectory_0271.json,271,21,10.952484170664873,9.788358208563876,2.4903742192800156,0.5215468652697558,77584.14385518755,0.6845719217493765,0.7603093985091489,211.86503604865135,7.430393924202991,3.7748888236819678,4.040084933941423,395.2469935802471,12.65448418191549,10.789980792696172,1.2159133055722815,0.98434919373644,138.51726327774753,0.7635610614623861,1.1430289162611946e+20,0.6612346596542297,2.7939079729890013,0.15456677452506104
189,rl_dataset_delta_sampling_maxloop=2_grid_51_preprocessed/trajectory_0431.json,431,21,10.947496196465636,9.752990816615405,2.365749431677085,0.5213093426888398,77354.99565865818,0.6861599605840915,0.7436673943887357,210.76102844570494,7.430388649047736,3.844234571762434,4.225980570288962,320.6173339506174,12.577023967372563,10.836855312078958,1.2090867865783155,0.9837140635321772,140.1264057676828,0.7643928000995235,1.1355895987278584e+20,0.6383209065590465,2.8919447762880504,0.15420073090166067
190,rl_dataset_delta_sampling_maxloop=2_grid_51_preprocessed/trajectory_0057.json,57,21,10.945605229298025,9.738977506621787,2.490827846060441,0.5212192966332393,78607.14330116441,0.6862929041286054,0.756632678685873,210.62697689205515,7.430391793943915,3.838076661688551,4.22475909499707,360.12351679012363,12.608605021255672,10.835242555433869,1.2088266183208984,0.9846415376361902,138.16632803343757,0.7654063660539915,1.1406000549990901e+20,0.6327141177062807,2.872677996212732,0.15326520615886852
191,rl_dataset_delta_sampling_maxloop=2_grid_51_preprocessed/trajectory_0274.json,274,21,10.932471486956272,9.748773991987942,2.3916487782010067,0.5205938803312511,77100.37704063948,0.6856983733306062,0.73988691933466,208.20049490892646,7.43039186467333,3.8090285500706424,4.071589282331047,280.67904234567925,12.574204922221542,10.78346491263821,1.2079156436617138,0.9825655164673334,139.5047205570251,0.7647865198726866,1.1384767668483365e+20,0.6355141968563613,2.893898066929391,0.15396563090838575
192,rl_dataset_delta_sampling_maxloop=2_grid_51_preprocessed/trajectory_0312.json,312,21,10.928138738276655,9.769215174371398,2.402848976029339,0.520387558965555,77775.24461978675,0.6870785165816332,0.7431780738173138,214.1515487052158,7.430389965410392,3.840096443698342,4.2468437224888085,370.6790723456792,12.799805010828836,10.965966005806496,1.220954013476496,0.9868056050699803,138.72807726101934,0.7659515851098062,1.1437736363331032e+20,0.6389743238434318,2.8935518621093848,0.15313019328138008
193,rl_dataset_delta_sampling_maxloop=2_grid_51_preprocessed/trajectory_0116.json,116,21,10.919790304467753,9.763216930657443,2.3381387231619835,0.5199900144984644,77005.46939176586,0.6840561518380011,0.7589736414396961,212.50829475157488,7.430389038967654,3.7509539935026033,4.0872030941363935,340.24697358024713,12.678718588396611,10.864666171588272,1.2157960810256994,0.9846172787141607,138.79114612361005,0.7636061924645999,1.1407869349368106e+20,0.6316513337064885,2.87611128128425,0.15459332651426258
194,rl_dataset_delta_sampling_maxloop=2_grid_51_preprocessed/trajectory_0106.json,106,21,10.91824124801776,9.696364681723262,2.4978112021543715,0.5199162499056076,78156.82784779667,0.6849946480441353,0.7595757763138334,214.15895800736553,7.430392853847848,3.785828738356209,4.183389013794941,450.1852751851853,12.674410528990792,10.873300989253448,1.218462266678384,0.986677742723047,138.7140139627113,0.7656371747377321,1.1393684642615414e+20,0.62899263847468,2.87520462280893,0.15330528002559493
195,rl_dataset_delta_sampling_maxloop=2_grid_51_preprocessed/trajectory_0555.json,555,21,10.917396368634497,9.741629463686829,1.9995726345263694,0.5198760175540237,76759.60585557132,0.6874166904329453,0.7490786553448204,205.19381627834505,7.4303958209970205,3.8968559083943397,4.141185294590219,334.6296896296298,12.487470467097108,10.804122283485517,1.1967684577571245,0.9791625126341367,139.28000397931595,0.7626514503806266,1.1325274555333953e+20,0.8259436102336764,2.855253151121053,0.15560276097111295
196,rl_dataset_delta_sampling_maxloop=2_grid_51_preprocessed/trajectory_0249.json,249,21,10.902563930445087,9.694915544109593,2.0931808463180244,0.5191697109735756,77397.71619674255,0.6891659523065221,0.743770514849964,212.4005597574694,7.430390533406005,3.9316839113237076,4.352055600514149,382.2840106172841,12.573462772579655,10.840752399670302,1.2135261125214412,0.9866115532321974,138.79664324986408,0.7663616337391691,1.1379688599070838e+20,0.6742656557765849,2.745946363975911,0.15323947083111852
197,rl_dataset_delta_sampling_maxloop=2_grid_51_preprocessed/trajectory_0006.json,6,21,10.90085545134193,9.698797918008637,2.5191638793515594,0.5190883548258062,78113.91899518714,0.6850317706552186,0.7594526204838185,211.12639077573888,7.430392058092572,3.799297617692666,4.073317984292284,420.4321887654323,12.709002654185712,10.78441352056772,1.211654455684924,0.9847367585462184,138.8498928974692,0.7647211270281399,1.13803278342376e+20,0.6329582798796605,2.884043742187437,0.1540329297268536
198,rl_dataset_delta_sampling_maxloop=2_grid_51_preprocessed/trajectory_0409.json,409,21,10.89273864320974,9.681990787805391,2.1302500446238586,0.5187018401528447,77232.06022808632,0.68671112631931,0.7253298071003014,209.0362720786587,7.430392304254215,3.8752759251723954,4.32588627942143,398.88895888888896,12.468783509788963,10.789704638880586,1.2067618452492332,0.9823190654166821,138.9315230787382,0.7630950346282797,1.1355232647337866e+20,0.7666349018397407,2.8271167733059372,0.15500259984871845
199,rl_dataset_delta_sampling_maxloop=2_grid_51_preprocessed/trajectory_0121.json,121,21,10.883238040878,9.653049464537627,2.545176977895504,0.518249430518,78601.96416195178,0.6868306003998139,0.757498101969969,214.3561866464407,7.4303945450674345,3.859820424128336,4.290792418013546,425.37046037037055,12.730405436998689,10.903148050391719,1.218190657673426,0.9850553982311233,138.4641729029348,0.7660845411813709,1.1401711029147389e+20,0.6320821213451648,2.8814915801631,0.15326395717357894
200,rl_dataset_delta_sampling_maxloop=2_grid_51_preprocessed/trajectory_0036.json,36,21,10.867952290290969,9.64652532755048,2.4055243147723173,0.5175215376329033,77226.6727369842,0.6864708881772701,0.7401514185649203,208.94008943990906,7.43039373034008,3.8492081983632214,4.197601068460777,360.6790723456792,12.771753457885733,10.936431608218564,1.2056551870260164,0.9835973764328257,139.37534800067743,0.7649508822670136,1.1360350983862128e+20,0.635423823420899,2.8937842670185785,0.1537847701839422
201,rl_dataset_delta_sampling_maxloop=2_grid_51_preprocessed/trajectory_0008.json,8,21,10.863573893203348,9.654680069115924,2.352760105692184,0.5173130425334928,77708.81076176482,0.6865569902253469,0.7591681281514786,212.69205361715967,7.430387802502915,3.85099629364497,4.257549828920529,396.91366024691376,12.706051691649803,10.888231535773476,1.2158302994002252,0.9841491170617597,138.808046736654,0.7650195269347462,1.1386548247962047e+20,0.6608403105431278,2.7942193527120165,0.15407182592462518
202,rl_dataset_delta_sampling_maxloop=2_grid_51_preprocessed/trajectory_0405.json,405,21,10.86183105386722,9.697379443234224,2.4986592230121873,0.5172300501841534,78024.9652001814,0.6850429701384888,0.7589946516809406,209.24780940631786,7.4303886813792905,3.794600654897622,4.0939606403335675,270.2469535802472,12.661227180312602,10.791505080815027,1.2127663699287448,0.9855290067107401,138.53514581400435,0.7642133676692353,1.1420879485950745e+20,0.6341815218129135,2.876832090268552,0.1542643630227165
203,rl_dataset_delta_sampling_maxloop=2_grid_51_preprocessed/trajectory_0259.json,259,21,10.854295833553778,9.642576756581724,2.532462768327891,0.5168712301692275,78044.20095420264,0.6842856791106326,0.7599972798728974,213.3212857526017,7.430393129794576,3.7715819369114323,4.140598769744972,360.2469735802471,12.643046951783118,10.861916065419987,1.2169622877422688,0.9855765019761703,138.68394727636914,0.7650660387779927,1.1387187685941153e+20,0.6279182619079801,2.8775520461109503,0.15355105838227145
204,rl_dataset_delta_sampling_maxloop=2_grid_51_preprocessed/trajectory_0523.json,523,21,10.850087036583426,9.664858631324211,2.1241347457173916,0.5166708112658774,78591.90860807453,0.6883084754428649,0.7358456233776534,214.20357735524192,7.43039389785168,3.897609655859585,4.264895498206329,344.1975808641977,12.83212553139731,10.998573198424534,1.218190573313252,0.988279480352193,137.6939165375205,0.7675056107341013,1.1394058913037758e+20,0.7718904802064271,2.838765978074368,0.15274989558186075
205,rl_dataset_delta_sampling_maxloop=2_grid_51_preprocessed/trajectory_0398.json,398,21,10.829808321041087,9.636800718086173,2.3408188359189026,0.5157051581448137,77042.7301097357,0.6864049731104728,0.7403819118441144,207.9011590229157,7.430393348968608,3.8523042348888223,4.091682687555017,440.6791123456791,12.734704199259758,10.950400374437805,1.2064862597877852,0.9823236601326792,139.8974201791179,0.7637421381908015,1.1354331901491552e+20,0.6322685743882994,2.892648412753879,0.15462542972143414
206,rl_dataset_delta_sampling_maxloop=2_grid_51_preprocessed/trajectory_0567.json,567,21,10.826469663369666,9.648388541653647,2.0949194695545015,0.5155461744461746,76869.10224561396,0.6853021652715183,0.7424674492406713,208.1184793548601,7.430387210018521,3.807403891090404,4.10511979985168,440.6791023456791,12.55416313253286,10.827502058802033,1.206341871121879,0.984745756667325,140.10402907758674,0.7640034983089389,1.1367821682764628e+20,0.672564566433283,2.8130525209984585,0.15425248252555387
207,rl_dataset_delta_sampling_maxloop=2_grid_51_preprocessed/trajectory_0357.json,357,21,10.823024410133092,9.64600219482098,2.308820916604506,0.5153821147682425,77368.21807728513,0.686213303258627,0.7597218813752364,209.3909828696008,7.430390687388273,3.8475106655735907,4.177245663663961,340.2469835802471,12.663699259543526,10.789425937494647,1.2082922556819395,0.984721919952004,138.97261305191233,0.7633425525605362,1.1369678118995139e+20,0.6279237769612472,2.877680326468228,0.15488813731027987
208,rl_dataset_delta_sampling_maxloop=2_grid_51_preprocessed/trajectory_0442.json,442,21,10.816846705667464,9.689577583048724,2.3568291257696443,0.5150879383651173,78147.86977917052,0.6849701868142699,0.7576454027937857,213.82290005254941,7.430391260046504,3.779953988908344,4.0272538678002165,295.2469535802471,12.773403130143883,10.943075211698261,1.2207329831350784,0.9855721515898267,138.2025695254195,0.765443412104605,1.1422276103074873e+20,0.6302140352337835,2.8756574124064715,0.153431715869462
209,rl_dataset_delta_sampling_maxloop=2_grid_51_preprocessed/trajectory_0557.json,557,21,10.814625330121572,9.675226700448626,2.2805166205310563,0.5149821585772177,78009.39989802358,0.6860650397936197,0.7610651390859334,213.2959343275504,7.430389637152713,3.829298425285001,4.149311398499387,420.37045037037046,12.668079914473322,10.818771459046507,1.2180014304630578,0.9866469520517853,138.56812795832792,0.7649326843328964,1.1395093161783437e+20,0.6324489154676504,2.8816383992694963,0.15391009456109342
210,rl_dataset_delta_sampling_maxloop=2_grid_51_preprocessed/trajectory_0158.json,158,21,10.8067888424637,9.655197410260076,2.4149646132191087,0.5146089924982714,78501.64535383166,0.6862548891576897,0.7573935437549071,213.2142093713523,7.430390189096485,3.832711916224755,4.2666156268054305,310.1234967901237,12.657813411433404,10.824613935860974,1.2207202064831844,0.9844749202332902,137.88852970192124,0.76529252139729,1.1449835589683552e+20,0.6327121028065646,2.8725012358109665,0.15328046227910622
211,rl_dataset_delta_sampling_maxloop=2_grid_51_preprocessed/trajectory_0112.json,112,21,10.800322893444429,9.645447425164365,2.3715902149363135,0.5143010901640205,78701.06889130127,0.6866653138123866,0.7596124670876974,213.35706568457,7.43038934766379,3.8434474592579133,4.314868667815427,300.2469535802471,12.68134880478172,10.825265146820124,1.2174748186422295,0.9864350927233962,137.64480257450992,0.7662269573723695,1.1401770604329415e+20,0.6314995364082266,2.876485142665963,0.15288854657388776
212,rl_dataset_delta_sampling_maxloop=2_grid_51_preprocessed/trajectory_0017.json,17,21,10.776394830300719,9.611940037291046,2.447247989780899,0.5131616585857485,78734.59131521707,0.6851206421479025,0.7613289473029109,215.74716188937768,7.430390356379205,3.7795915271337543,4.093091226293087,280.18522518518546,12.711997568548918,10.930272451447788,1.2224074748978515,0.9863799800189715,137.88581288891416,0.7668219568923941,1.1411073081702705e+20,0.6307400118209422,2.8742537097541256,0.15285277052898597
213,rl_dataset_delta_sampling_maxloop=2_grid_51_preprocessed/trajectory_0476.json,476,21,10.774184707956763,9.566225919661512,2.452080734989602,0.5130564146646078,77879.64079757502,0.6845642167069125,0.7602557725354254,210.03342277782014,7.430392079221068,3.7871414816755635,4.091488186049002,445.1852751851853,12.63261688598795,10.821462553157533,1.208844095179294,0.9850984655791071,138.90841394915788,0.7648687689397438,1.1373759680865265e+20,0.6296770033127658,2.875379350756418,0.15379560302282963
214,rl_dataset_delta_sampling_maxloop=2_grid_51_preprocessed/trajectory_0585.json,585,21,10.766050717042885,9.587186433943005,2.2764195981618736,0.5126690817639469,76767.93439993168,0.6862662394108829,0.7409792581106379,207.5438418889793,7.430386685762341,3.8446631599876344,4.13366800316452,290.6790623456792,12.550077152857886,10.793271848066572,1.2020506229530699,0.9829237495391371,140.1678684861761,0.763658316689177,1.136228219534189e+20,0.6354139696324845,2.894314671968105,0.15471757691207108
215,rl_dataset_delta_sampling_maxloop=2_grid_51_preprocessed/trajectory_0087.json,87,21,10.753380747069114,9.532042473099343,2.332375917943608,0.512065749860434,77305.21861765186,0.6867135610991723,0.7374995863245702,210.394290738636,7.430395421691589,3.8545855343504316,4.309467101883019,436.48156148148144,12.588187309888212,10.869020396905725,1.2095989847301825,0.9858426390458767,139.54177895053306,0.7662529866450427,1.138842169706762e+20,0.6802451341858461,2.7176088909069644,0.15312476390874805
216,rl_dataset_delta_sampling_maxloop=2_grid_51_preprocessed/trajectory_0472.json,472,21,10.75136011861071,9.597090376378661,2.358957739707112,0.5119695294576528,77850.51708376459,0.6855009989965587,0.7571369442420695,211.43879937933497,7.430391728847466,3.815713838720475,4.119571666133763,370.2469935802471,12.739937468316361,10.938248645767462,1.2145500602437374,0.9863331361031898,138.74987838235506,0.7636251775228912,1.1398113009022481e+20,0.629837066599946,2.876060427899653,0.15448371210197792
217,rl_dataset_delta_sampling_maxloop=2_grid_51_preprocessed/trajectory_0579.json,579,21,10.732479135143084,9.55739795534332,2.373177922143074,0.5110704350068135,77402.11702056655,0.6853839765022838,0.7396797658718318,208.6588019921808,7.430389298565244,3.8129685754733917,4.154224627094603,250.67904234567925,12.54529333619745,10.80004113458545,1.2092831890939362,0.9842845122571571,139.5715966533686,0.7645630267619157,1.1396704866841523e+20,0.6388357475337745,2.8938245477376094,0.154282211678984
218,rl_dataset_delta_sampling_maxloop=2_grid_51_preprocessed/trajectory_0562.json,562,21,10.720426867719778,9.52476151460595,2.230139665291917,0.5104965175104657,77532.11522535633,0.6853390352359907,0.7264590333403123,208.1395299984912,7.4303966357418805,3.810267946451145,4.066057941092933,343.888938888889,12.5477105016488,10.82390789597653,1.2043408854866735,0.9829782660225231,138.5950152472641,0.7636209643471611,1.1358850689619775e+20,0.7411241008482415,2.8282769233812695,0.1545500157059459
219,rl_dataset_delta_sampling_maxloop=2_grid_51_preprocessed/trajectory_0218.json,218,21,10.718687100359983,9.543669926029322,2.5047588068371165,0.5104136714457135,78459.48684628496,0.684670991552493,0.7591843306074754,213.14015766412354,7.430395190681605,3.776348929561287,4.126719605072865,335.2469635802471,12.675839178384015,10.774837099132034,1.2182364318453098,0.9866184621786094,138.21461748530987,0.7657192626659367,1.1414206610070843e+20,0.634155520909739,2.87726182850493,0.15328229628885015
220,rl_dataset_delta_sampling_maxloop=2_grid_51_preprocessed/trajectory_0496.json,496,21,10.716630488610436,9.586524003246986,2.024198039009912,0.510315737552878,77712.52050533681,0.6855626462571457,0.7579965488777801,208.68477324990397,7.430392232551074,3.8144065405885645,4.0707779520496405,290.18523518518543,12.718101798324652,10.881991020569512,1.2054666325152543,0.9840009680954548,138.50074227558747,0.76452911775231,1.1368240333867272e+20,0.6295799129976478,2.8736129059889315,0.15448432745672547
221,rl_dataset_delta_sampling_maxloop=2_grid_51_preprocessed/trajectory_0134.json,134,21,10.696455571076447,9.507045186048432,2.3863728617290842,0.5093550271941165,77232.86531981357,0.6848085594564973,0.7411904338087046,210.84323837066026,7.4303822361514715,3.7843683246143014,4.100822329450735,425.6790923456791,12.66766941082091,10.885918857073278,1.2104989074126447,0.9844905376865786,139.95748580320836,0.7654820534294223,1.138508790657909e+20,0.6354163984685242,2.8942030724894865,0.15359209848174313
222,rl_dataset_delta_sampling_maxloop=2_grid_51_preprocessed/trajectory_0477.json,477,21,10.696094827349391,9.50708647611819,2.317252820912636,0.5093378489213995,78105.92648887601,0.6856193226698671,0.7533092076294576,211.81449884218807,7.43039342214659,3.8217557451998814,4.21562766628023,400.1235267901236,12.759518104045133,10.952681479440255,1.2127296767006295,0.9840235473592708,138.3400369646721,0.7654852169386306,1.1375138093201185e+20,0.6552968191644972,2.7890108055067877,0.1535244939710959
223,rl_dataset_delta_sampling_maxloop=2_grid_51_preprocessed/trajectory_0005.json,5,21,10.68799692337953,9.508136107968467,2.515795203806789,0.5089522344466443,78072.98133925017,0.6845418313776184,0.7584081051970262,213.12436537291683,7.430392525710335,3.7724354521698262,4.077599910815016,340.1852351851854,12.644640654184894,10.818241978800138,1.2173753485983076,0.985856933843886,138.70735999417488,0.7653795044348618,1.1399333602897333e+20,0.6383363923963108,2.8749821406893403,0.15338222479594327
224,rl_dataset_delta_sampling_maxloop=2_grid_51_preprocessed/trajectory_0381.json,381,21,10.681207321179766,9.49827160192248,2.4935287584196475,0.5086289200561793,78519.28016171807,0.6843766735591762,0.7538382461338211,210.9382814411684,7.430393540620275,3.7761470395571615,4.101529128882935,395.3704403703705,12.639235152090706,10.82795835397595,1.2137747521163176,0.9869276176985902,138.47909030686847,0.7650387931452758,1.1382587275121269e+20,0.6324506350512159,2.8815713057645143,0.15341316985420292
225,rl_dataset_delta_sampling_maxloop=2_grid_51_preprocessed/trajectory_0038.json,38,21,10.65941535105051,9.515672466697762,2.5021267213292537,0.5075912071928814,78631.9521293806,0.6850147565359155,0.7617015721777722,214.2947554151506,7.430395437178936,3.777093507252976,4.076546418349776,360.4321687654323,12.700952369908016,10.820418626555357,1.221398575822969,0.9861192381362872,138.16381785289173,0.7652279134089218,1.1428841595433661e+20,0.667967362153887,2.738789623072426,0.15334689050078024
226,rl_dataset_delta_sampling_maxloop=2_grid_51_preprocessed/trajectory_0544.json,544,21,10.656942795872665,9.502604025880201,2.017663325245108,0.5074734664701269,77402.32322967265,0.6882891305119315,0.7610916970655957,212.17892142604325,7.43039080377888,3.91834281933134,4.421230270214318,326.85191185185204,12.632628651579768,10.790125212612224,1.216531382885637,0.9832986775579239,138.71070479951857,0.7643996239307743,1.1397410320743914e+20,0.6576296896635615,2.721975493214341,0.15432942796778226
227,rl_dataset_delta_sampling_maxloop=2_grid_51_preprocessed/trajectory_0537.json,537,21,10.649861227246502,9.593854593217632,2.050002432628083,0.5071362489165001,78198.66152271673,0.6851172756858231,0.7620506016814471,217.64455348154044,7.430385629409677,3.7592796999103513,4.0976516215769,280.24694358024715,12.729860316688098,10.898529472159538,1.2316052463366345,0.9867315165338799,137.95595224621184,0.7667046299953851,1.1471270948244206e+20,0.6303371801999142,2.8764615992179263,0.15310134491049193
228,rl_dataset_delta_sampling_maxloop=2_grid_51_preprocessed/trajectory_0166.json,166,21,10.643552785281214,9.490328746803423,2.3860610892464815,0.5068358469181531,78099.66295896057,0.6868526643845766,0.7584300747101047,214.85677653509805,7.430393490139321,3.8339932555366065,4.167748567619034,295.5555855555558,12.716277181012519,10.846018059078567,1.2205924406955124,0.9880571781624631,138.76670837345247,0.7675452636578073,1.1412626242839794e+20,0.6297398472385305,2.88726675820733,0.1521980624368165
229,rl_dataset_delta_sampling_maxloop=2_grid_51_preprocessed/trajectory_0293.json,293,21,10.638818337771923,9.480958207979617,2.4202452841308784,0.5066103970367583,78120.55421398011,0.6855228190083009,0.7406237211171858,214.1377732110214,7.430391940842081,3.79966062457647,4.117532756620943,340.6790623456792,12.59362044365084,10.809689639226173,1.2196858730305373,0.9855640011698972,139.14282826133064,0.7657397161446444,1.1416975583612168e+20,0.6389781928972955,2.8937603630514506,0.15289644195860883
230,rl_dataset_delta_sampling_maxloop=2_grid_51_preprocessed/trajectory_0071.json,71,21,10.638455038728358,9.413849463807628,2.5381050814724144,0.5065930970823027,77413.81290272006,0.685551119915327,0.7402236890583339,208.5701927527336,7.43039134053483,3.8198513500451563,4.339167522618674,360.6790723456792,12.455791471809086,10.742706711611254,1.2092876049632344,0.9877984840163273,139.52814019180192,0.7654489943926118,1.139408266893274e+20,0.6326745089036517,2.893297734572339,0.15335415372926692
231,rl_dataset_delta_sampling_maxloop=2_grid_51_preprocessed/trajectory_0519.json,519,21,10.62377406196031,9.422496728347896,2.474202171492532,0.5058940029504909,77887.74889968506,0.6872896185593323,0.7427229642890579,211.98369821627654,7.430393301144208,3.869493208041429,4.49294512139157,400.55562555555565,12.800891779842235,10.98773636660129,1.2161384825479227,0.9883732829693651,138.9300705711332,0.7672935905338686,1.1425644187289433e+20,0.6382461997631363,2.8888501860849503,0.15260439984820387
232,rl_dataset_delta_sampling_maxloop=2_grid_51_preprocessed/trajectory_0486.json,486,21,10.61984377293724,9.464284704234545,2.4118902582921997,0.5057068463303448,78670.87028875912,0.6841575228260778,0.7578949141039971,212.20266804870178,7.430390934174149,3.7597756607300448,4.082591487210298,335.12350679012366,12.61425373096383,10.831185435050992,1.215573343514383,0.9859250430970117,138.28248298221405,0.7654336807194698,1.139374290974863e+20,0.6327132283494453,2.872796139012674,0.15331760201678316
233,rl_dataset_delta_sampling_maxloop=2_grid_51_preprocessed/trajectory_0376.json,376,21,10.619383079080155,9.434502473643677,2.129423347365431,0.5056849085276264,77476.98395835739,0.685402458206377,0.7423153048481704,210.2821407470388,7.43038937462895,3.8096857194086153,4.312006272653876,400.67908234567915,12.583680796598777,10.853892769754848,1.2100427323393124,0.9859533790881798,139.84947104443748,0.76592290346907,1.1394737134982904e+20,0.6389776533792898,2.8941783192646118,0.15314241214686936
234,rl_dataset_delta_sampling_maxloop=2_grid_51_preprocessed/trajectory_0320.json,320,21,10.613961281471655,9.451460674270274,2.4529580254284027,0.5054267276891264,77505.5065733843,0.6845557615517959,0.7420285783091101,208.58333891317892,7.430393913206834,3.776625984506868,3.9851501270545953,300.6790623456792,12.51751616247819,10.80149701993841,1.2094365466043904,0.9846816479366329,139.7073839166373,0.7645888105531989,1.1394165446223534e+20,0.6389697033744287,2.8941133106388617,0.15398748308129573
235,rl_dataset_delta_sampling_maxloop=2_grid_51_preprocessed/trajectory_0199.json,199,21,10.612295512001483,9.450549533496547,2.418527248734931,0.5053474053334039,78561.64575969122,0.6844800467568367,0.7575259743953567,213.909445852551,7.430388609141902,3.7808026847024108,4.173864625204207,380.1235267901236,12.668030769396795,10.873458426737601,1.2175104375073087,0.984207832725763,138.45717309753658,0.7653027711973649,1.1385882898468825e+20,0.6300523470711725,2.8724862222093117,0.15366660697427326
236,rl_dataset_delta_sampling_maxloop=2_grid_51_preprocessed/trajectory_0162.json,162,21,10.610578182151915,9.440489853566557,2.1525814378639385,0.5052656277215197,77415.98965920732,0.6856763347621897,0.7422978669874952,208.43036059612163,7.43039393908612,3.8164578492695993,4.1370806938658795,445.55564555555566,12.525773122410783,10.818066335188153,1.2099441082373825,0.985071581060924,139.78494895366794,0.7652578579865761,1.1399471244956767e+20,0.637091814407473,2.8893350298380907,0.15362046369818344
237,rl_dataset_delta_sampling_maxloop=2_grid_51_preprocessed/trajectory_0182.json,182,21,10.593655245971814,9.466304202000503,2.3816291168670176,0.5044597736177054,78157.35394007021,0.6841018121205505,0.7587327923909161,212.82896371377998,7.430390587081471,3.7536636925922857,4.081445068023047,320.2469635802471,12.667407467248287,10.849197434218057,1.2159387541141167,0.986882195478628,138.52256792329513,0.765214153587198,1.1399442147789737e+20,0.6341512193273601,2.8774917279816044,0.1537547369211813
238,rl_dataset_delta_sampling_maxloop=2_grid_51_preprocessed/trajectory_0532.json,532,21,10.590136565984594,9.41413460734161,2.3745479729235557,0.5042922174278378,77512.2070727874,0.685566928163541,0.7351638990408836,211.7200075662327,7.430381449053255,3.8153183066345204,4.1890951131817395,416.48157148148147,12.493567006331245,10.774225435469814,1.21291049725243,0.9837083909187163,140.05683738117358,0.764882091860735,1.1390493961311704e+20,0.6503843883400401,2.7826652684674023,0.15377582520997526
239,rl_dataset_delta_sampling_maxloop=2_grid_51_preprocessed/trajectory_0482.json,482,21,10.58502397068506,9.385618736958747,1.9653365276103751,0.5040487605088124,77709.66247709344,0.6894971904497118,0.7473983295356849,211.03649939197595,7.430395351961212,3.96473369312921,4.682741203661929,449.6297196296297,12.370092335599367,10.697912267242582,1.2100627396231376,0.9860523479994363,138.4879802257005,0.7656662472198944,1.1400230312799417e+20,0.8021342793399647,2.8548368860920803,0.15339434017329875
240,rl_dataset_delta_sampling_maxloop=2_grid_51_preprocessed/trajectory_0225.json,225,21,10.580275003340532,9.402509692196706,2.5040299465061513,0.503822619206692,78052.8787441719,0.685348997593535,0.7436502888783526,211.87626253047307,7.4303920886155685,3.8044260616071077,4.220706158021183,320.61734395061745,12.548607355126354,10.78412887774039,1.214769454114671,0.9851038983755561,139.2046476200718,0.7655788090763888,1.1401504818554592e+20,0.6324078283937221,2.891512014541597,0.15342623881102765
241,rl_dataset_delta_sampling_maxloop=2_grid_51_preprocessed/trajectory_0109.json,109,21,10.568381061268132,9.40938665124177,2.133245662570545,0.5032562410127682,78038.64573082552,0.6849781306948113,0.7499283334200842,210.7046939755503,7.430389992115982,3.8045933165644414,4.071670362423705,300.18522518518535,12.570863158102233,10.823128953273269,1.2105045663791334,0.9843849679486322,138.5644890828119,0.7646554161774769,1.1374856865949467e+20,0.6268314909618864,2.873687730736014,0.15382436148583142
242,rl_dataset_delta_sampling_maxloop=2_grid_51_preprocessed/trajectory_0118.json,118,21,10.55647921561248,9.40028291813559,2.3708394787638367,0.5026894864577371,79077.61923883755,0.6851626723089592,0.7579602085468877,214.04610080288737,7.4303913072009955,3.79014045404165,4.20251402667245,310.3086819753089,12.805246004565092,10.984204392989962,1.218185176828114,0.9875068696738488,137.80324001489575,0.7669602432004788,1.1400923337377445e+20,0.6349125586715038,2.8793988900677077,0.1524869146917469
243,rl_dataset_delta_sampling_maxloop=2_grid_51_preprocessed/trajectory_0457.json,457,21,10.543649624710964,9.424671778572375,2.2796852791308195,0.502078553557665,78657.49258899067,0.6849516152970291,0.7601341789048527,211.7803249241636,7.430392318725424,3.7935316405361923,4.140758033807653,350.06178839506197,12.617628213703844,10.832785240531686,1.2129706692217799,0.9844796100972708,138.2971030142841,0.765066727817461,1.1400408568554802e+20,0.6297043217803642,2.869993214792157,0.15361199308521248
244,rl_dataset_delta_sampling_maxloop=2_grid_51_preprocessed/trajectory_0235.json,235,21,10.538170623514176,9.379090059298033,2.3303544765652573,0.5018176487387703,78050.98630980394,0.6840344615013296,0.7415985076173466,209.2588358555838,7.430392973630277,3.753058265982391,4.016095280173991,395.67908234567915,12.597028176666251,10.799508576511768,1.2099420143455422,0.9842623561302316,139.09698698972895,0.7659914149970192,1.13866983255946e+20,0.6355157128477431,2.893635969463124,0.1533069066239705
245,rl_dataset_delta_sampling_maxloop=2_grid_51_preprocessed/trajectory_0377.json,377,21,10.534875031506878,9.383006101742046,2.41407189045007,0.5016607157860419,77807.29217748372,0.6852814190233595,0.7416858630592205,213.6252055112974,7.4303905100813274,3.799310105214902,4.077178681624716,285.6790523456792,12.621259875692202,10.845092706882724,1.21786314129694,0.9841866398957609,139.6069571686309,0.7648326846917618,1.1403012510707119e+20,0.6389545286678259,2.8939395842417412,0.15357825359428298
246,rl_dataset_delta_sampling_maxloop=2_grid_51_preprocessed/trajectory_0241.json,241,21,10.52437497782206,9.366064265828651,2.412851770381841,0.5011607132296219,78033.42146349567,0.6855584235189727,0.7433748313505464,210.4994433043851,7.43038399314994,3.8209415175093873,4.317668855402721,380.61735395061737,12.611777112442779,10.84251091362947,1.2105116114179646,0.9848361545602381,139.19420298260232,0.7647664875755414,1.139395979238004e+20,0.6304871477861359,2.8898961454056136,0.1533891387647776
247,rl_dataset_delta_sampling_maxloop=2_grid_51_preprocessed/trajectory_0153.json,153,21,10.523896622852352,9.436237764131555,2.036342543712649,0.5011379344215405,77786.56838622241,0.6862867450845241,0.7538899938877217,212.5958625461965,7.430393205571141,3.8294323850666174,4.188343276799951,234.75310641975332,12.507701839479164,10.761370558505918,1.2220389527227522,0.9880264989020268,138.36181209377952,0.7643759925177195,1.1459756413708819e+20,0.8457771174461193,2.859285997962937,0.1540292213943252
248,rl_dataset_delta_sampling_maxloop=2_grid_51_preprocessed/trajectory_0459.json,459,21,10.518687425282366,9.385122656376792,2.409540904808512,0.5008898773943984,78543.06445223297,0.6841821350132411,0.7547375816235964,215.3478918819174,7.430393894182448,3.7564887267763174,4.077949585465477,405.18526518518524,12.687085645475623,10.876055622630052,1.2219245952493631,0.9863616824524671,138.15903425073012,0.7655861877006483,1.1392004563664637e+20,0.6269707613660264,2.8734547080415167,0.15343648029316673
249,rl_dataset_delta_sampling_maxloop=2_grid_51_preprocessed/trajectory_0286.json,286,21,10.504970330671236,9.403517804418572,2.32821642338879,0.500236682412916,78241.11414386307,0.6852732066945516,0.7604896590295129,211.98445021012316,7.4303963398840285,3.7967167886415356,4.131344345017225,320.1852451851854,12.728756100224127,10.828734021637269,1.2150911252735495,0.9838404904902558,138.1223376706919,0.7647482572253836,1.1419439369367988e+20,0.6306893064839274,2.8744458252539284,0.15398744390828575
250,rl_dataset_delta_sampling_maxloop=2_grid_51_preprocessed/trajectory_0341.json,341,21,10.497854929346358,9.330706720816156,2.464787216997706,0.499897853778398,78379.16274895181,0.6843149132589095,0.7577708202410576,213.7287035952532,7.430391989653453,3.7554476190680126,4.152427918504388,340.06177839506194,12.538249063635659,10.772944553039329,1.2217184569552302,0.9882383907996802,138.40965804348627,0.7666162546464589,1.142861068950565e+20,0.6320587647136396,2.869903282898699,0.1527499429540286
251,rl_dataset_delta_sampling_maxloop=2_grid_51_preprocessed/trajectory_0096.json,96,21,10.490232882785193,9.352360218310421,2.250100084861496,0.4995348991802473,78378.79303927314,0.6848648275981524,0.7577672316745921,210.01289186041646,7.430394023040246,3.7941471753022076,4.117997217778368,340.3704303703705,12.702785899458458,10.786026074476066,1.2101190541106666,0.9856031266778705,138.37158143872452,0.7650959996920438,1.1371742062646906e+20,0.6324500444978106,2.881500130678687,0.1536535800937434
252,rl_dataset_delta_sampling_maxloop=2_grid_51_preprocessed/trajectory_0372.json,372,21,10.485963036468384,9.39607683984427,2.3307020109499446,0.49933157316516114,78482.56041058304,0.6850300131653465,0.7620127236251467,219.2244900433086,7.430390667790565,3.7651262144428324,3.9977952582244054,300.2469535802471,12.653733863934134,10.86288962367092,1.2317162214256858,0.9880371379261838,137.86940986500798,0.7665747055551915,1.1454446803721267e+20,0.6314802090978324,2.8767202316504625,0.152731203222111
253,rl_dataset_delta_sampling_maxloop=2_grid_51_preprocessed/trajectory_0205.json,205,21,10.48540895908124,9.363484463279292,1.7769653992172008,0.49930518852767813,77661.2204897498,0.6873021354471355,0.7453796143237655,214.49165297417784,7.430391361229262,3.8593777961717795,4.2070035210067465,274.5061928395064,12.582473324479965,10.846985799534105,1.2193816687153969,0.9853672543420243,137.97590271890195,0.7667304783855681,1.1403765640224958e+20,0.7705094718785144,2.8486321286459746,0.15331992012393922
254,rl_dataset_delta_sampling_maxloop=2_grid_51_preprocessed/trajectory_0029.json,29,21,10.465530947187261,9.33057663872765,2.38948296840432,0.49835861653272673,78085.40633436407,0.6841449999553503,0.7428450472856784,213.4555435752711,7.430395267507922,3.7454914994600053,4.028147931192836,260.67904234567925,12.525077651308406,10.786350694417624,1.2206873124094706,0.9861256199797989,139.10947759197626,0.7658253581320039,1.143156268160043e+20,0.6357992546405331,2.8932389567391477,0.15291110882324055
255,rl_dataset_delta_sampling_maxloop=2_grid_51_preprocessed/trajectory_0160.json,160,21,10.459013393741131,9.327836223881537,2.330268768920077,0.49804825684481574,78198.22690768688,0.6851142665136073,0.7589946167393928,209.69850408346048,7.430394099208296,3.8034363990370537,4.143314955885431,400.24700358024705,12.777908426118865,10.953512018619913,1.20971066802972,0.9849394842845901,138.3943361766534,0.7639090261745456,1.1380993943090902e+20,0.6316529100478213,2.875841082711708,0.1541216261388727
256,rl_dataset_delta_sampling_maxloop=2_grid_51_preprocessed/trajectory_0385.json,385,21,10.445694487590428,9.319715772607397,2.457005378267443,0.4974140232185918,78261.10200984459,0.6839790226189755,0.752984343071131,210.5424672208704,7.430396405460867,3.7534380251742223,4.021602161082427,340.1852551851853,12.61243516570968,10.792402837917342,1.2170833320285208,0.9831844624250833,138.2066046136593,0.7646709507944626,1.1444642272632937e+20,0.6334587799599136,2.874283086461088,0.15380151576392428
257,rl_dataset_delta_sampling_maxloop=2_grid_51_preprocessed/trajectory_0004.json,4,21,10.443783660489169,9.355960213219795,2.29355697974976,0.4973230314518652,78194.64576416758,0.6844773485030361,0.7531289174765092,212.7202529590097,7.430393641640948,3.766479808945303,3.9907524496232614,355.37044037037055,12.659728825920212,10.828446344875106,1.217948319608583,0.9845105946998663,138.19285222115806,0.7643170559574174,1.1425746407740349e+20,0.6324519411516338,2.881395550346071,0.154054022681453
258,rl_dataset_delta_sampling_maxloop=2_grid_51_preprocessed/trajectory_0267.json,267,21,10.429903946217715,9.332114459795303,2.2194998653650106,0.49666209267703404,78003.99723026062,0.6845617977004331,0.7592268423304152,210.35240989000755,7.430393722842381,3.781535392026278,4.075635132595087,385.3704503703706,12.682537353325346,10.791769227617205,1.2129316826567513,0.9854146759964307,138.5863631420247,0.7645510815280478,1.1388580855365853e+20,0.6331587148673342,2.8815798227349156,0.1542721477017833
259,rl_dataset_delta_sampling_maxloop=2_grid_51_preprocessed/trajectory_0576.json,576,21,10.427043113493923,9.325776816759388,2.3436744506257146,0.49652586254732967,78219.99231715687,0.6857369111331774,0.7423160992507278,217.16553049526468,7.430389182282865,3.795671587109208,4.102192295587879,240.67903234567922,12.75855473125587,10.928260710709468,1.2291909806338508,0.9875000409223639,138.96675885673898,0.766547556145194,1.1457743990220984e+20,0.6389802526829366,2.893686962613354,0.1524446273237027
260,rl_dataset_delta_sampling_maxloop=2_grid_51_preprocessed/trajectory_0353.json,353,21,10.403376222192001,9.287088587917134,2.4000623125035183,0.4953988677234286,78647.4333967243,0.6839769103033397,0.7619192355617219,212.66311550262444,7.430392869560046,3.741263972628243,4.062238138742571,315.18522518518546,12.535714710677968,10.769439822213531,1.2164643038741363,0.9874598907336014,137.9715406896028,0.766071294274213,1.142258826278046e+20,0.629663976593274,2.8748493401693387,0.1529910136614315
261,rl_dataset_delta_sampling_maxloop=2_grid_51_preprocessed/trajectory_0308.json,308,21,10.399764828321937,9.269928039059927,2.1030628951586308,0.4952268965867589,78298.93866524867,0.6871778559096654,0.7447561132650722,214.4854849461084,7.430393392769374,3.8453941630109383,4.2070617645263555,430.55562555555565,12.530708078507692,10.815869524376913,1.2186675440573067,0.9897230696481796,138.6682701304582,0.7687616998391903,1.14231399663705e+20,0.6300777108345457,2.8871787307523875,0.15179338433207318
262,rl_dataset_delta_sampling_maxloop=2_grid_51_preprocessed/trajectory_0133.json,133,21,10.399098048298846,9.272273944233822,2.221807015091944,0.4951951451570879,77955.34601710555,0.689085426272509,0.728188519248123,214.79164507584838,7.430391872579047,3.9087197386029877,4.233571494053017,438.9507072839507,12.720564476664427,10.940083821027784,1.2211751462940232,0.9860515402538673,137.59124221735132,0.7658625309236805,1.1428227551195279e+20,0.7529769089677198,2.828344099038911,0.1534304105979311
263,rl_dataset_delta_sampling_maxloop=2_grid_51_preprocessed/trajectory_0043.json,43,21,10.398059937970888,9.253483696135017,1.9858380305651278,0.49514571133194707,77912.70083147817,0.685967338552992,0.7363110093450493,213.07134002489443,7.430393224258561,3.8331682433837377,4.214186854683202,344.2593192592594,12.595428822014581,10.844052359518066,1.2147496731796306,0.9841755495155868,138.61046849030762,0.764376810199482,1.137782565291706e+20,0.7796681191110043,2.841544100624549,0.15415964431355003
264,rl_dataset_delta_sampling_maxloop=2_grid_51_preprocessed/trajectory_0289.json,289,21,10.380685150551425,9.239081258436324,2.298705563850418,0.4943183405024488,77682.33809986958,0.6850165212643808,0.7513501103636387,209.89268455639873,7.4303922563819995,3.7960775206951145,4.090926057736575,445.1852851851853,12.529006671510283,10.771567799618019,1.2094672833302944,0.985306576676798,138.95900375421843,0.7641958342344513,1.1373623782522325e+20,0.6289879607262621,2.8753867414605487,0.15426946639689978
265,rl_dataset_delta_sampling_maxloop=2_grid_51_preprocessed/trajectory_0253.json,253,21,10.37219721973387,9.180418656010376,2.290403273298236,0.49391415332066047,78063.08241479658,0.6855269259545351,0.7435923375894062,210.67877635727658,7.430379427431983,3.820408262717459,4.503575691089386,440.5556355555557,12.63338727441758,10.897831498958086,1.215569857616144,0.9902309301385873,139.4750401398706,0.7664443357696165,1.1417555021212085e+20,0.6370928016454729,2.8891881563467074,0.15262971293859176
266,rl_dataset_delta_sampling_maxloop=2_grid_51_preprocessed/trajectory_0315.json,315,21,10.36752747768612,9.240550423051582,2.2162595628354893,0.49369178465172003,77223.13503998007,0.6854836865848196,0.7405536647775701,208.416256982687,7.430391806369094,3.8108531534876655,4.040267909060271,400.6791023456791,12.556447019324759,10.788634693146633,1.2055255540107732,0.9836396323591868,139.57222753565785,0.7641469916727331,1.136397677752398e+20,0.6330165711425697,2.8939492980129438,0.15424397231055623
267,rl_dataset_delta_sampling_maxloop=2_grid_51_preprocessed/trajectory_0149.json,149,21,10.365716408455803,9.219068588142918,2.4087022635936286,0.49360554325980016,78123.53498802359,0.6834317961595227,0.7411280097664018,212.3521860404082,7.430390968467213,3.7333641818390557,4.1228686121433835,340.6790623456792,12.591418283641431,10.838165185055841,1.2176236943874112,0.9884661500164308,139.25456720899905,0.7656239813400442,1.1406806723937457e+20,0.6389791240056153,2.8938049463078626,0.15308739104718638
268,rl_dataset_delta_sampling_maxloop=2_grid_51_preprocessed/trajectory_0095.json,95,21,10.361206881749819,9.228822338229705,2.4145105745973465,0.4933908038928485,78744.8716834435,0.6842303436004453,0.7564931139599897,214.18656936015012,7.430395172137735,3.7472774615711906,4.061131932198608,400.1852551851854,12.667151180917731,10.795560710716238,1.2206313386602063,0.9890405424769386,138.10250679314976,0.7667411402317192,1.1417868969358714e+20,0.6334218679721839,2.8749551539843288,0.1525072975152196
269,rl_dataset_delta_sampling_maxloop=2_grid_51_preprocessed/trajectory_0208.json,208,21,10.351177612018613,9.28734896475113,2.043648163522521,0.49291321961993395,77594.03106570344,0.6842667624541824,0.7447057924216057,215.77504115312246,7.430395945367253,3.7461593483331446,4.052620720250473,340.6790623456792,12.648910323549078,10.856406253692047,1.2247258485396977,0.9876068883538732,139.08842673705013,0.7654334228651574,1.1428561441044985e+20,0.6361439499113962,2.8932324511258245,0.15334751410621933
270,rl_dataset_delta_sampling_maxloop=2_grid_51_preprocessed/trajectory_0599.json,599,21,10.34713364460941,9.279615092128171,2.1948200931774817,0.49272064974330526,76923.0309775553,0.6834800595620205,0.7594271253473938,208.55256523979727,7.430392732749372,3.724265083145858,3.9678707410615286,265.55559555555584,12.750926433091843,10.81901995266357,1.2099690072405573,0.9844944692035597,139.3307464382369,0.7636330908562479,1.139950926526032e+20,0.6370923666107612,2.8891061082354956,0.15452683875541495
271,rl_dataset_delta_sampling_maxloop=2_grid_51_preprocessed/trajectory_0001.json,1,21,10.34563028909505,9.22137926904342,2.3427993152309377,0.4926490613854786,77588.09133526444,0.6842216663077221,0.7431846120171258,209.7193948115276,7.430392965878936,3.7571737865441834,3.9951124626011967,320.6790623456792,12.54816672801334,10.788607104405736,1.2103947210583992,0.9849444239827275,139.4714056245217,0.7650677974151993,1.1400561587570269e+20,0.6389600664377417,2.8932982654038817,0.15366654598419113
272,rl_dataset_delta_sampling_maxloop=2_grid_51_preprocessed/trajectory_0024.json,24,21,10.343710610739963,9.228998250510728,2.345053551241947,0.4925576481304744,79012.52184365151,0.6841787288933873,0.7527817116020564,214.47421330723478,7.430395195860662,3.757153748356488,4.010875344685902,440.247003580247,12.692202191745226,10.880894955312748,1.2202500861108012,0.9850005357302954,138.42163478931658,0.7660088718650515,1.1414760966477295e+20,0.6299228851202376,2.876834918465399,0.15302214271988093
273,rl_dataset_delta_sampling_maxloop=2_grid_51_preprocessed/trajectory_0216.json,216,21,10.342698603972934,9.233606573205032,2.2991773286815977,0.4925094573320445,78628.57228772182,0.6863486149349894,0.7566813146613514,214.8232138641407,7.430391944954092,3.8243227374115207,4.261945575329914,445.247003580247,12.687654626417858,10.948665100833052,1.2217132999542097,0.9881790997402158,137.74798703227813,0.7663114428865541,1.1427160908814154e+20,0.62684480150138,2.875371067006038,0.15276772358718335
274,rl_dataset_delta_sampling_maxloop=2_grid_51_preprocessed/trajectory_0195.json,195,21,10.34000351795466,9.200233010427699,2.3069302509885796,0.49238111990260286,77189.08155628826,0.6843925248038976,0.7449845294781605,209.5474901519105,7.430392089736106,3.771418067580646,4.0415502630713,440.61738395061735,12.499798843933403,10.77193972805639,1.2102101933332647,0.9849636361099705,140.12966358785835,0.7646263268933184,1.1377451089633162e+20,0.6345267321749978,2.8919993694071495,0.1541482139376926
275,rl_dataset_delta_sampling_maxloop=2_grid_51_preprocessed/trajectory_0370.json,370,21,10.333147381485533,9.173963392444342,1.9881830244092356,0.4920546372135968,78094.34497551303,0.6848160164366551,0.7535374670697556,211.27079219440205,7.430396434658313,3.7976401075375366,4.285313999988493,434.8148948148149,12.669950333513201,10.908813294336236,1.2113491465445947,0.9855833530505267,138.5963174537085,0.7650872866930415,1.1389237855381953e+20,0.8011893544405221,2.861609820119569,0.1535376461668376
276,rl_dataset_delta_sampling_maxloop=2_grid_51_preprocessed/trajectory_0471.json,471,21,10.307376835815463,9.243317444147278,2.2878739561231383,0.4908274683721649,78935.92755446439,0.68419490526542,0.7624613597964286,217.15525786293688,7.430394494970438,3.7480785760444846,4.02732549828814,320.37042037037054,12.676066544401206,10.840478740019243,1.228369336508931,0.9883101866912587,138.18948263815398,0.766122236409359,1.144396153658057e+20,0.6307747958057686,2.8811909774056828,0.1529605703064665
277,rl_dataset_delta_sampling_maxloop=2_grid_51_preprocessed/trajectory_0214.json,214,21,10.306217811571448,9.191461940681743,2.2431147907942197,0.49077227674149754,78232.28283671301,0.6852734771459746,0.7382140170131177,214.45059746911582,7.4303876364028145,3.784159668076263,4.250520206138765,381.4815414814815,12.741517514753447,10.923507699958886,1.2206374352729819,0.9868870854090558,138.66895824188467,0.7682583766324914,1.1417073164652749e+20,0.6526123401640943,2.7105122309418044,0.1521189054809113
278,rl_dataset_delta_sampling_maxloop=2_grid_51_preprocessed/trajectory_0595.json,595,21,10.30099223363141,9.170269137347704,2.4144003691336984,0.49052343969673384,77695.23533250837,0.6839619252987285,0.7416147733458638,213.9761560642613,7.430390736239718,3.750481406590269,3.971834462910499,345.6790723456792,12.629524979720713,10.851206810669554,1.2183113043026077,0.9856132734298152,139.37549724937466,0.7647687703221905,1.1407133722907235e+20,0.6389771533222215,2.8939024575181476,0.15357474735834992
279,rl_dataset_delta_sampling_maxloop=2_grid_51_preprocessed/trajectory_0306.json,306,21,10.297715383449123,9.193925942851607,2.3727757343466234,0.490367399211863,79327.65002329476,0.6837596228143094,0.7594372664299356,218.79296146790188,7.430392170522152,3.7314098168083625,4.095171749924828,430.1235367901236,12.726419216316275,10.899823995080041,1.2309749563101748,0.9900296369050586,137.47206378787686,0.7667658140134289,1.1446870360049687e+20,0.628395687448206,2.8706845664486025,0.15243850216729496
280,rl_dataset_delta_sampling_maxloop=2_grid_51_preprocessed/trajectory_0311.json,311,21,10.292794679889324,9.209946831698025,1.9218549639922102,0.4901330799947297,77597.11120267645,0.6874526260344783,0.7378598579294886,210.90019907695114,7.430387105124943,3.8969835815447915,4.266140589272895,331.48154148148154,12.543085063539591,10.81988651038352,1.2105163986295364,0.9826221493591184,139.06009884464842,0.7643907775557507,1.139062380849302e+20,0.7039253432582003,2.8375815136463256,0.15415375503308845
281,rl_dataset_delta_sampling_maxloop=2_grid_51_preprocessed/trajectory_0413.json,413,21,10.286151932184897,9.24054915173569,2.263896653682863,0.48981675867547125,78540.42896112149,0.685516584484797,0.7597596495934698,218.56225707590602,7.43039265256322,3.7693675167252993,4.217059831802692,285.24694358024715,12.73998958621059,10.896239924848969,1.2349551762529576,0.9894136745837664,137.4771282937803,0.7666778032239928,1.1483126403412086e+20,0.6314824812788111,2.876442059299873,0.1526326070979101
282,rl_dataset_delta_sampling_maxloop=2_grid_51_preprocessed/trajectory_0450.json,450,21,10.282315380206624,9.18864049559307,2.3964645145228225,0.48963406572412493,78834.77959594608,0.6833479078369729,0.7590180712166507,214.8661983822177,7.430387151616855,3.721135776908993,3.9643248864130727,325.3086919753089,12.70546943198889,10.881343927890642,1.222207831070962,0.9867560242242891,138.4234768185929,0.7660501311916613,1.142865510939649e+20,0.6286795299237843,2.87966815043419,0.15310478245165196
283,rl_dataset_delta_sampling_maxloop=2_grid_51_preprocessed/trajectory_0207.json,207,21,10.275937424299086,9.166410912639376,2.357443406607775,0.4893303535380517,79140.34274068674,0.6852620005003748,0.7593062424526509,217.6357098972899,7.43039553303566,3.7770442929119,4.190769325101601,440.3087219753088,12.708117786373665,10.852344625344665,1.2310797342313062,0.99094846553831,137.3173658392595,0.7675224672988447,1.145029873143223e+20,0.6311550004359904,2.877380651438218,0.15193541485879472
284,rl_dataset_delta_sampling_maxloop=2_grid_51_preprocessed/trajectory_0533.json,533,21,10.27365327780298,9.1467640543863,2.166341690951972,0.48922158465728477,78492.60492626492,0.6864075605202421,0.7436515180785945,215.22536159057975,7.4303928371279335,3.8337005804636686,4.294066686439472,330.55560555555576,12.649085793541751,10.875689528059109,1.2240221728952225,0.9858091945925738,138.72257995911815,0.7666568834871111,1.1440682517854803e+20,0.6336689417061964,2.8889035271671117,0.15248699737553748
285,rl_dataset_delta_sampling_maxloop=2_grid_51_preprocessed/trajectory_0108.json,108,21,10.249172956828442,9.14248053040319,2.274297908281927,0.48805585508706867,78333.03899029706,0.6837380725452656,0.7520807582900648,209.80332699044664,7.430396328843131,3.7472299210995432,3.999204210817111,285.37041037037056,12.65951666833029,10.80945694166352,1.209940079365459,0.984913813134562,138.10717420974092,0.765213505137802,1.1388122646944445e+20,0.6356721037299417,2.881802883253528,0.15344886752614162
286,rl_dataset_delta_sampling_maxloop=2_grid_51_preprocessed/trajectory_0145.json,145,21,10.248216056726541,9.167483840812649,2.26874031215117,0.48801028841554955,78657.29813101901,0.6835586774701403,0.7595667810234522,212.7272314980067,7.430391956292261,3.730377865972998,4.0213439896129,400.1852551851854,12.787231378407048,10.94533184884968,1.2172639496286957,0.9872954205484011,137.8820482699262,0.7654042719853741,1.14156820478485e+20,0.6263629102320576,2.8732670587224023,0.15306842378582833
287,rl_dataset_delta_sampling_maxloop=2_grid_51_preprocessed/trajectory_0265.json,265,21,10.231328374737314,9.124589856465366,2.436915869758077,0.48720611308272926,79015.85615183835,0.6854923348636444,0.7552369898138731,217.1595708146844,7.430396147834504,3.7818532136010665,4.050085106862467,255.06174839506195,12.632749468315758,10.834105174696633,1.2277523792209128,0.9873276183791623,137.4754126845894,0.7670744848322048,1.1440931260693882e+20,0.6272733070006569,2.8700684524165565,0.15215434026070426
288,rl_dataset_delta_sampling_maxloop=2_grid_51_preprocessed/trajectory_0446.json,446,21,10.231161484906751,9.114232011759803,1.770305217374331,0.4871981659479405,77345.18795127007,0.6859357034603003,0.7379271712988406,206.93687983118483,7.430396979175587,3.8356590176898826,4.164116812801268,379.32105765432107,12.493317602453695,10.80367390699694,1.202680914324828,0.9806489431059723,138.95612504116676,0.7634857795782973,1.1364832000787907e+20,0.7917634343773011,2.8438966205208565,0.15481405394527614
289,rl_dataset_delta_sampling_maxloop=2_grid_51_preprocessed/trajectory_0000.json,0,21,10.219298077041536,9.118736739169062,2.3830213789966574,0.4866332417638827,78264.07153820714,0.683684907168114,0.7425208392110212,213.4890248672021,7.429917746006064,3.734273404865763,4.0147693705227745,320.6790623456792,12.58894087387851,10.807656058644131,1.2195449524975288,0.9868587933503967,139.23234493792037,0.7658520936919438,1.1432942566067726e+20,0.6330488521595476,2.8938481504791618,0.15302033194361248
290,rl_dataset_delta_sampling_maxloop=2_grid_51_preprocessed/trajectory_0123.json,123,21,10.217846118560292,9.079883364599306,2.3158667261737103,0.4865641008838234,77853.90962315653,0.6833400495203081,0.7430333645224491,211.84045883081308,7.430392576542387,3.7362735988558518,4.069896110663663,445.55564555555566,12.68989362344774,10.875211295320767,1.2158932143598238,0.9861702403676674,139.47798498485278,0.7659515373695079,1.1407810109357608e+20,0.6382428888296997,2.8891728155322074,0.15316806699034338
291,rl_dataset_delta_sampling_maxloop=2_grid_51_preprocessed/trajectory_0076.json,76,21,10.215227095906888,9.16184231636946,2.217810681619638,0.48643938551937566,78254.66255753655,0.6842365546397335,0.7588878661944056,210.9876383888357,7.43039289423337,3.7590003430762917,3.996489548065566,270.3086819753089,12.633629268999595,10.796147688006611,1.2177276236011316,0.984790469823539,138.16911933166463,0.7644797428271071,1.1445819217443101e+20,0.6349253757522908,2.8788629085786193,0.15392660903525404
292,rl_dataset_delta_sampling_maxloop=2_grid_51_preprocessed/trajectory_0130.json,130,21,10.213617319591759,9.130876391034578,2.273970963448344,0.48636272950436943,78365.17389921444,0.6851252153213407,0.7433698900462163,216.07009487709263,7.4303896794686715,3.7830979557472943,4.162534380929613,255.55557555555578,12.67802921144693,10.849614432962777,1.2280013260405997,0.986617079141872,138.51035257094247,0.7659947148148528,1.1469687631121105e+20,0.634283829413483,2.8888012121777233,0.15262998375649575
293,rl_dataset_delta_sampling_maxloop=2_grid_51_preprocessed/trajectory_0020.json,20,21,10.209726218388814,9.084234560225209,2.4634437683157175,0.48617743897089594,78225.0653854532,0.6831087168540613,0.7601021764643572,211.40464128825602,7.430394142654001,3.7229498000380272,3.952172422188583,445.06182839506175,12.655894623021162,10.799628694028668,1.2144509652818734,0.9866306029994979,138.47992513685065,0.7645503184599179,1.1402134173289128e+20,0.6320189593820725,2.870610082977697,0.15352678466702155
294,rl_dataset_delta_sampling_maxloop=2_grid_51_preprocessed/trajectory_0098.json,98,21,10.198214152337439,9.063282249317103,2.3727360035331158,0.48562924534940183,78432.64228609284,0.6830203570515339,0.7509926709427499,212.29753406510793,7.4303910741840005,3.7263731979731296,4.023828655726181,420.1852651851853,12.735686626312006,10.898608951533394,1.2168284871038964,0.9855149616222777,138.37806081394592,0.7658793676212992,1.1412156103926265e+20,0.632390445265353,2.8749368641096003,0.15310664441875085
295,rl_dataset_delta_sampling_maxloop=2_grid_51_preprocessed/trajectory_0279.json,279,21,10.181048689676592,9.050181874306485,2.446218601562264,0.48481184236555197,79544.28686999214,0.6858337602799571,0.7580405213592,215.6910777065363,7.430392447238716,3.798042240029679,4.297106832204339,440.30872197530874,12.712518400961983,10.81719719936419,1.2285566320667498,0.9930297064214606,137.14515726615215,0.7690010603750158,1.1451451294856394e+20,0.6334498915603437,2.8766551709865857,0.1512873371859388
296,rl_dataset_delta_sampling_maxloop=2_grid_51_preprocessed/trajectory_0346.json,346,21,10.179403108944104,9.023143404652329,2.3924349818206974,0.4847334813782907,78977.38636934446,0.6863976357818558,0.7592619071348833,219.21638279846673,7.430393560433563,3.8431482954075187,4.526090926985256,450.247003580247,12.699134111799433,10.862887487354671,1.2320135481478063,0.9943128354938506,138.7106598008939,0.7682498352900341,1.1449664027544184e+20,0.6628186798623988,2.7934947518434847,0.15149621597207755
297,rl_dataset_delta_sampling_maxloop=2_grid_51_preprocessed/trajectory_0510.json,510,21,10.177579615952418,9.087145105163408,2.3345616218289575,0.48464664837868654,78295.27065217112,0.6849247940288843,0.7425724384957153,215.4978701963661,7.430392440114834,3.766824444832118,3.9688471863749157,400.5556255555557,12.803144716217664,10.94703559896091,1.226446534802484,0.9868772802956274,138.3805075171102,0.7667967305950142,1.1454007534785089e+20,0.6370980100896642,2.8887054994666705,0.1523577784101804
298,rl_dataset_delta_sampling_maxloop=2_grid_51_preprocessed/trajectory_0470.json,470,21,10.174324929966305,9.119377151393966,2.2413796210491332,0.48449166333172883,78338.20147162565,0.6845886079617649,0.7599783183702209,209.66408852502528,7.43038821527238,3.777891975471991,4.078855991706128,210.18519518518545,12.701572523543136,10.805678047514606,1.214354114779377,0.9854903424942693,138.26252967825081,0.7642515089607271,1.1429050696043299e+20,0.6296840281966097,2.8749709936442835,0.15392557537421572
299,rl_dataset_delta_sampling_maxloop=2_grid_51_preprocessed/trajectory_0407.json,407,21,10.170652569794495,9.051288448223971,2.0442828040506154,0.4843167890378331,77802.06658981793,0.6848745244769179,0.7446467043430189,208.98997892810792,7.430392821671648,3.792661900937754,4.048207597696365,239.56792123456813,12.507876801358565,10.815200007970773,1.2111555710712567,0.9844806529162179,138.62176593986672,0.7643114217912103,1.137275055071701e+20,0.8276794293585235,2.852380040413728,0.15417197812119943
300,rl_dataset_delta_sampling_maxloop=2_grid_51_preprocessed/trajectory_0330.json,330,21,10.16442956340418,9.074521285780111,2.3464562893644514,0.48402045540019906,78257.62192487392,0.6827017000800143,0.7603766053040885,210.0591546868408,7.430392658787524,3.7061582392523733,3.96601873189151,260.1852151851855,12.623049337114006,10.803341108677827,1.213338241318906,0.9857009763884913,138.30658075378324,0.7652911918919666,1.1399996012097434e+20,0.6334585775031324,2.8744232534411136,0.15356578093202503
301,rl_dataset_delta_sampling_maxloop=2_grid_51_preprocessed/trajectory_0192.json,192,21,10.139050085116923,9.050618489427272,2.2830438007404643,0.48281190881509156,78838.14371626047,0.6833116052453675,0.7582955115088491,213.65078570070415,7.430393327048953,3.729965631098607,4.008392569311219,415.43217876543224,12.72414142007015,10.802306615702895,1.219371129682789,0.9859196105536263,138.1434544352938,0.7658600746027577,1.141371296425e+20,0.632576354416217,2.883702685380063,0.1530080168310428
302,rl_dataset_delta_sampling_maxloop=2_grid_51_preprocessed/trajectory_0002.json,2,21,10.134319396167369,9.071909809097896,2.2842410087159024,0.4825866379127318,79263.47407055013,0.6854070512706102,0.7606500255554531,216.3125987910522,7.430394311742052,3.7853613576976657,4.290934394341522,345.18523518518543,12.694819518532121,10.826470243180834,1.2323506738253993,0.9877427322967444,137.1288248365338,0.767185451319376,1.1489651563522605e+20,0.6334635086874095,2.873652124378493,0.15204270877390788
303,rl_dataset_delta_sampling_maxloop=2_grid_51_preprocessed/trajectory_0102.json,102,21,10.124319907061237,9.034809755294166,2.3597693911879563,0.4821104717648208,78413.1251684001,0.6827247349528082,0.7601735965505877,209.70130965599424,7.430389107925553,3.7030263873291855,3.8974001111534706,280.2469535802471,12.639470282244027,10.771713187883279,1.213806518555239,0.9860580259551432,138.38684305578622,0.7657637902915075,1.140624457015757e+20,0.6341527772563514,2.8774145984175084,0.15336015957880852
304,rl_dataset_delta_sampling_maxloop=2_grid_51_preprocessed/trajectory_0590.json,590,21,10.124149617246106,9.072862140523453,2.0066495322194773,0.48210236272600504,78087.07343001865,0.6843313549457797,0.7434721060698305,214.48324298419865,7.430397429536666,3.758655484057612,4.012544807517561,420.6790923456791,12.585295624038547,10.819719473551446,1.2197414541126543,0.9869880134048655,138.90416926574883,0.765690109405816,1.1415229782892786e+20,0.6354408001468824,2.893148374471932,0.1530983499497698
305,rl_dataset_delta_sampling_maxloop=2_grid_51_preprocessed/trajectory_0362.json,362,21,10.114575633451912,9.006702054856431,2.4039808259815385,0.4816464587358053,78668.08382426992,0.6826844320138126,0.7551100319881104,209.95636516440203,7.430387319273379,3.7041510285468897,3.957900145929438,380.0617983950618,12.638158585904614,10.832835750368469,1.2143055673225487,0.9860012777151733,137.8927568345039,0.7656831773069274,1.1431703446300592e+20,0.6307040727163267,2.870131602648718,0.15301217833031325
306,rl_dataset_delta_sampling_maxloop=2_grid_51_preprocessed/trajectory_0436.json,436,21,10.11373823071376,8.982365891524246,1.8196791873136982,0.481606582414941,78139.08045339162,0.6855782350468976,0.7258959431603961,212.18317744290476,7.430391901802443,3.8176349482896663,4.292834803819756,408.88895888888896,12.63738767280332,10.873619084568936,1.2127684096768492,0.985068184278969,138.11599672453943,0.7652348447195402,1.1387583889296333e+20,0.7411263911207384,2.8279550785987793,0.15352116953529105
307,rl_dataset_delta_sampling_maxloop=2_grid_51_preprocessed/trajectory_0282.json,282,21,10.10307509257318,9.003933535391207,2.3299912171057073,0.48109881393205617,77807.67769130843,0.6841556113365482,0.7367644681758208,215.90109750516189,7.430394586326573,3.7547912345248244,4.107636746544152,441.48158148148144,12.575597461265646,10.805986546914072,1.224688236205494,0.9880675791848662,139.8505787738333,0.7655343230027934,1.1446098820820405e+20,0.6513222689314827,2.7178826659267816,0.1533948323148476
308,rl_dataset_delta_sampling_maxloop=2_grid_51_preprocessed/trajectory_0322.json,322,21,10.097500102776822,9.00305696125693,2.2814147589226597,0.4808333382274677,77953.43375546896,0.6841716474271289,0.7431696958821105,214.42178066614932,7.430392215823853,3.759490451357308,4.032371062085615,337.3457390123458,12.64021008910301,10.866143766262297,1.218783007956773,0.9851972504850546,138.362954851321,0.7647991786999658,1.1399745644967454e+20,0.6724606365239578,2.8091556593139875,0.15360972674883336
309,rl_dataset_delta_sampling_maxloop=2_grid_51_preprocessed/trajectory_0230.json,230,21,10.094044493788672,9.00599337446383,2.409766644212514,0.4806687854185082,79072.90546671215,0.6823245144725183,0.7583234443878268,214.47450769921514,7.430392966511235,3.688524466795705,3.9659320389702657,305.0617683950619,12.666513966789227,10.862828869953113,1.2198908661794232,0.9865768773590199,137.74554386387751,0.7658791036290745,1.1433909626544662e+20,0.6320781167929377,2.869579236362037,0.1525777933091716
310,rl_dataset_delta_sampling_maxloop=2_grid_51_preprocessed/trajectory_0587.json,587,21,10.092646974460674,9.034113210710847,2.2728441451919874,0.4806022368790797,78266.20559735331,0.6824666024351724,0.7604450122307554,214.24010682156737,7.430396663724053,3.685415710450969,3.9923862711606053,435.18527518518533,12.77480417444292,10.950986192030864,1.2215728080901573,0.987678533662636,138.10914212325847,0.764697312342801,1.1438825175996056e+20,0.6289805033412693,2.8749456611156283,0.1533904667039447
311,rl_dataset_delta_sampling_maxloop=2_grid_51_preprocessed/trajectory_0172.json,172,21,10.09051206411583,8.979360649492666,2.3764602853022527,0.4805005744817062,78163.24404391601,0.6827738638677844,0.7498695725507216,212.00310413549178,7.430390781465906,3.707179565148403,3.9632302271491744,445.1852851851853,12.572440436249074,10.805714581446578,1.2172567926232174,0.9870900535444259,138.52345667121511,0.7652706533532557,1.1417729661471336e+20,0.6289929056301675,2.875086691827655,0.1533320918854915
312,rl_dataset_delta_sampling_maxloop=2_grid_51_preprocessed/trajectory_0120.json,120,21,10.089021922628332,8.999011698684843,1.7612886287261866,0.4804296153632539,77422.89767206473,0.6852441204114262,0.7307530547293561,208.582246681509,7.43039738321558,3.8077973116227226,4.1388496609489085,299.01239567901257,12.488065576711529,10.799267230164379,1.205778090587508,0.9845609257227593,138.63914644715817,0.7635958261256862,1.1366276267423482e+20,0.751334333800526,2.8326699512719373,0.15480095298969185
313,rl_dataset_delta_sampling_maxloop=2_grid_51_preprocessed/trajectory_0337.json,337,21,10.084701002298708,9.00146291585079,2.104613045405736,0.4802238572523194,78340.39263999206,0.6855632607182466,0.7435829630183338,217.31353325773205,7.430393566741372,3.7733696473711644,4.157329860231822,360.6790623456792,12.762368667221972,10.95193255502462,1.226313184091054,0.9907886375307904,138.57345471058835,0.7689545362311402,1.144612598554979e+20,0.6381025829302023,2.891677827818969,0.15163135108328604
314,rl_dataset_delta_sampling_maxloop=2_grid_51_preprocessed/trajectory_0420.json,420,21,10.082436063590698,9.016621981154149,2.3573026936964503,0.4801160030281285,79283.86936183288,0.6837458025181755,0.7597540698767105,214.62255478692353,7.430392826539351,3.720263052832938,3.9900033637343606,310.3086819753089,12.692464099440311,10.850038673960274,1.225606636272011,0.9889666741398635,137.44939138020766,0.7672715684465111,1.1470675642184853e+20,0.6311627455764558,2.87917801043802,0.15207440089127053
315,rl_dataset_delta_sampling_maxloop=2_grid_51_preprocessed/trajectory_0545.json,545,21,10.074838907351053,9.012132602020317,2.3771850779629853,0.47975423368338344,79398.31794918711,0.6850087121313627,0.758884691889345,220.55045875640278,7.430388731757719,3.7513150372041104,4.036991279353412,430.246993580247,12.759309919298333,10.951084669958648,1.2378524053951387,0.9926244573053837,137.09685749812436,0.7676699849226298,1.1480595094378257e+20,0.6304114737516905,2.8766642157737414,0.15189822957403534
316,rl_dataset_delta_sampling_maxloop=2_grid_51_preprocessed/trajectory_0228.json,228,21,10.064158220332958,9.025506912411036,2.2323289138461333,0.47924562953966465,78856.18292888504,0.6830260963412603,0.761615037671704,214.35061399958246,7.4303947005738635,3.714948920100126,3.8944483275383943,390.24698358024705,12.648546149534102,10.802099810551521,1.2211082879794737,0.9861182240364875,137.2254474124138,0.7654483727654441,1.1430748279452903e+20,0.6256079532081641,2.873402123084599,0.15323475812413762
317,rl_dataset_delta_sampling_maxloop=2_grid_51_preprocessed/trajectory_0072.json,72,21,10.0617359549409,8.98883176178945,2.432117016543627,0.4791302835686143,79020.53986939235,0.6830244936165235,0.7595574081375512,215.77086613162663,7.430393800958845,3.7150961552864508,3.9887803565862416,210.3703803703706,12.729813946037165,10.81042317403789,1.2236313031388828,0.9902446286563089,137.8256238403827,0.7657577965758596,1.1438774396572487e+20,0.6324537624033393,2.881177009764492,0.15289163649068924
318,rl_dataset_delta_sampling_maxloop=2_grid_51_preprocessed/trajectory_0584.json,584,21,10.053597978292915,8.981740386940457,2.4197349367209737,0.4787427608710912,78740.00486727695,0.68257937196342,0.7562149962037327,212.54461683028063,7.430393932036338,3.693849034676879,3.951699650006027,280.06175839506193,12.644328257166983,10.79187619889491,1.2213356051199622,0.9886808242628633,137.48420256290188,0.7657142214242266,1.1452028193497937e+20,0.7184942121173004,2.810804454657973,0.15277121946738956
319,rl_dataset_delta_sampling_maxloop=2_grid_51_preprocessed/trajectory_0395.json,395,21,10.046338894779844,8.963430251177215,2.2915724720325787,0.4783970902276116,78693.52030422229,0.6842648464456142,0.7414834909608614,216.33266086677932,7.4303933398145565,3.7451172988166253,4.052994812311424,340.6790623456792,12.780334579442362,10.96525658832076,1.22714467387011,0.9897628462177105,138.82883960004256,0.767216724083508,1.1454222416585908e+20,0.6355423234378224,2.8936177800823404,0.15207872504535128
320,rl_dataset_delta_sampling_maxloop=2_grid_51_preprocessed/trajectory_0058.json,58,21,10.03868525921039,9.007321462948315,2.2543567352226486,0.4780326313909709,78891.59469355705,0.6830902920576887,0.7581642566358241,218.16702323376123,7.430392396390827,3.707089642404469,4.201990157217365,240.24693358024717,12.70571068183764,10.834096707775073,1.2324230498525006,0.9892495697611384,137.6178413727704,0.7668708192518529,1.146774523942988e+20,0.6314990547582067,2.8764360926044965,0.15250758902502612
321,rl_dataset_delta_sampling_maxloop=2_grid_51_preprocessed/trajectory_0530.json,530,21,10.036563619195391,8.931578786212139,2.3231148791998097,0.4779316009140662,78207.73516648728,0.6831609877416708,0.7414834205323549,212.82493198038895,7.430390335220189,3.712141513602244,3.979461774894458,425.6790923456791,12.477461763098141,10.761964783278172,1.2202559675043463,0.9872671554773623,138.881144461126,0.7660898216478431,1.1433386113051889e+20,0.6312978744836006,2.8920322291687235,0.15256479558657177
322,rl_dataset_delta_sampling_maxloop=2_grid_51_preprocessed/trajectory_0127.json,127,21,10.036034947870714,8.940271100837325,2.3539330322709766,0.4779064260890816,78348.46537783745,0.6825365359344241,0.7576734571505431,210.3573406630893,7.43038949856498,3.701513267494662,3.937385992550308,260.24694358024715,12.668290775920632,10.806576104347874,1.2121794920002242,0.9856270959477332,138.32074474442769,0.765324734899146,1.1395716541666243e+20,0.6341550550483495,2.8773792189709404,0.15329963626559873
323,rl_dataset_delta_sampling_maxloop=2_grid_51_preprocessed/trajectory_0068.json,68,21,10.02768684250115,8.971161837338197,2.2049616748515986,0.47750889726195955,78674.74376692735,0.6830302791216928,0.7575837959364372,213.83284862078716,7.430387651330695,3.7156531328596762,3.991516797399591,300.1234967901237,12.672669804040853,10.875037123161915,1.2174185269396172,0.9867838616318964,138.07558018286005,0.7652277942967692,1.140626805656649e+20,0.6264562258538513,2.872688987672053,0.1531723622655847
324,rl_dataset_delta_sampling_maxloop=2_grid_51_preprocessed/trajectory_0254.json,254,21,10.016794956503924,8.94873653009167,2.231583162003152,0.4769902360239964,78525.92423641625,0.6838774342640008,0.7616188835628489,214.74987866406448,7.430391603579076,3.7502910516631665,4.033368454884581,390.3087219753088,12.698581223111974,10.893418860741685,1.2194846383494578,0.9862113003538311,138.44762602548283,0.7653935202692074,1.1407168757364248e+20,0.6622541991552289,2.7961120755504942,0.15337845932493338
325,rl_dataset_delta_sampling_maxloop=2_grid_51_preprocessed/trajectory_0386.json,386,21,10.015926135828165,8.971399196231934,2.274097625374562,0.476948863610865,78960.99669739047,0.6831299332972218,0.7547475860157232,219.9722999265981,7.4303984226916775,3.6892688737925754,3.99790749186246,425.3087219753088,12.757548355825467,10.924403606057648,1.234824214068086,0.990202168783903,137.3064122987452,0.766560650366563,1.1460527721493761e+20,0.6266802979153819,2.877383545399356,0.1524940390401501
326,rl_dataset_delta_sampling_maxloop=2_grid_51_preprocessed/trajectory_0196.json,196,21,10.010998226504075,8.907043508955624,2.14450673982054,0.4767142012620988,78592.93071901733,0.6856436627192615,0.7322524904854494,214.60511990312756,7.430395565777546,3.797222544123665,4.174238727023702,404.13587246913596,12.702369060274997,10.908727084540429,1.222152722695004,0.9885306602890442,137.73548241809576,0.766384762660671,1.1423431133489771e+20,0.773798821999122,2.8364382183776145,0.15281568313227992
327,rl_dataset_delta_sampling_maxloop=2_grid_51_preprocessed/trajectory_0492.json,492,21,10.006464420343663,8.879240484050463,2.101253913861489,0.4764983057306506,78040.90984666406,0.6837011671506688,0.7480177410632745,211.96919204100317,7.430394538956122,3.7510245413989343,4.074144058238162,289.6296596296298,12.8394693799643,11.031059602749389,1.2145579276757212,0.9851076931405105,138.6880985403125,0.7659296932031877,1.139851872284944e+20,0.7712282530734319,2.8549009650629946,0.15324394028097763
328,rl_dataset_delta_sampling_maxloop=2_grid_51_preprocessed/trajectory_0110.json,110,21,10.004334791819254,8.93870443636008,2.0348598398156876,0.47639689484853587,77765.3600739886,0.6854023829936855,0.7448780466064141,212.35687821594234,7.430391806679065,3.782423892848971,4.0814739251151435,339.4444944444447,12.556026392471013,10.784365784523457,1.2156045393684753,0.9868029503748307,138.88780396100464,0.7660081398222173,1.1442531040383484e+20,0.6413053878287047,2.7660354204456086,0.1530561986875106
329,rl_dataset_delta_sampling_maxloop=2_grid_51_preprocessed/trajectory_0462.json,462,21,9.99667081166377,8.932743404355664,1.9090097806335753,0.4760319434125605,78363.93585295563,0.6836493138798941,0.7597764236203882,213.30004235250846,7.43039316575231,3.737867619723234,4.0185583821042625,340.740790740741,12.74535014684284,10.899642527467176,1.2197053301191882,0.9890916934921473,139.12139877399295,0.766255840257826,1.1405704434098522e+20,0.6328812764473026,2.8944786224612797,0.1528138990912331
330,rl_dataset_delta_sampling_maxloop=2_grid_51_preprocessed/trajectory_0393.json,393,21,9.991216775889564,8.923293445567255,2.099326665818193,0.47577222742331254,79075.83330373552,0.6838000374029385,0.7530441215240544,214.63801945080235,7.430393607618516,3.7387405813599166,4.040768024629097,365.3704303703705,12.682442614651745,10.89616674891416,1.2208892292706373,0.9874818491873413,138.00308132712803,0.7664410491331041,1.1431853550863807e+20,0.6307765603773694,2.881121066430756,0.15262247177835758
331,rl_dataset_delta_sampling_maxloop=2_grid_51_preprocessed/trajectory_0333.json,333,21,9.9825832488001,8.903313447358716,2.3397854205630058,0.47536110708571905,78981.42658338163,0.6826413371826567,0.7617868654180562,214.53155675503965,7.430392958937918,3.6987812322633498,4.073000947358915,400.3704503703706,12.690238337183207,10.866178440344127,1.2200344288879914,0.9890090493883574,137.98298248233326,0.766279298299083,1.1414105005103251e+20,0.6320862526475807,2.8813470418591236,0.15273038515874904
332,rl_dataset_delta_sampling_maxloop=2_grid_51_preprocessed/trajectory_0252.json,252,21,9.980449663500501,8.912525769801752,1.939348196528549,0.4752595077857381,78279.92863905625,0.6849517900251957,0.7506101266872502,212.89419073007366,7.430393012007526,3.7775980624718692,4.125463333173649,309.6913980246916,12.587585158614132,10.80227025354015,1.216060448537425,0.9860485863636863,137.77246181661644,0.7657350525355554,1.1410718642618507e+20,0.7974886524910265,2.8567664300199094,0.1530996060550548
333,rl_dataset_delta_sampling_maxloop=2_grid_51_preprocessed/trajectory_0015.json,15,21,9.976499438193834,8.885936618464434,2.2373683037866803,0.47507140181875396,78354.36423062073,0.6843879358450785,0.7418139399505955,212.8661971199063,7.430395127162066,3.7558844539446823,4.3292045039447595,375.6790723456792,12.711688603588092,10.886394774015006,1.2186271872682113,0.9894757182601724,138.22670380043542,0.7670438332826152,1.1439798889171694e+20,0.6316830808601952,2.891498900158992,0.15217469711544915
334,rl_dataset_delta_sampling_maxloop=2_grid_51_preprocessed/trajectory_0383.json,383,21,9.966791951008606,8.903533009079501,1.9869889605226785,0.4746091405242193,78233.01271682532,0.6851656921192141,0.7599887275371888,217.74913514453806,7.43039312284274,3.768772956646129,4.066009254744622,306.8518918518521,12.663497249347543,10.836658906800041,1.228428250140426,0.9875430041351111,137.92483811562755,0.7669627662500411,1.1431211794079456e+20,0.6612994503377801,2.791656923023551,0.15228812640669845
335,rl_dataset_delta_sampling_maxloop=2_grid_51_preprocessed/trajectory_0391.json,391,21,9.960316332110283,8.911573414339506,2.25121203442397,0.47430077771953727,79338.61683916928,0.684041041211144,0.758693204229842,214.56932994328494,7.430391457308505,3.745585720462543,4.163025933325501,320.3704203703706,12.756808451472047,10.831293500986053,1.2224424513694385,0.9865770722166692,137.46337344217426,0.7661892147573437,1.1437214188373298e+20,0.6321335667192782,2.880978810124092,0.15255828902760618
336,rl_dataset_delta_sampling_maxloop=2_grid_51_preprocessed/trajectory_0571.json,571,21,9.939073730071,8.934857150712356,2.1874031733367088,0.47328922524147615,78673.80701784648,0.684076420569802,0.7573663050321049,213.03579200976796,7.430396606939254,3.752901330625325,4.065221555016906,250.24694358024718,12.638581688201747,10.813711463117063,1.2227873909472382,0.988126200174695,137.84266875988044,0.7646345575309471,1.1468682700407343e+20,0.662835840417093,2.793457045235494,0.15368900251528256
337,rl_dataset_delta_sampling_maxloop=2_grid_51_preprocessed/trajectory_0328.json,328,21,9.936722363458621,8.846337775330738,2.358376487919034,0.4731772554027915,79717.48675005884,0.6837377819263437,0.7590340940729876,218.5460574714075,7.430384610241393,3.733495975358095,4.040046285366367,330.3704203703706,12.74749512695383,10.93297126037334,1.2294875466686037,0.9906620430439913,137.5175783512789,0.7675189614931539,1.1447124661920566e+20,0.6320670567066339,2.8810748278657825,0.15183814694998465
338,rl_dataset_delta_sampling_maxloop=2_grid_51_preprocessed/trajectory_0426.json,426,21,9.918441326517392,8.850203909013855,2.3743679488016793,0.47230672983416155,79577.20864586755,0.6822271015875467,0.7607429628890915,218.65826976953574,7.430388541708376,3.6701937559361415,3.9782312323070554,450.3704603703705,12.781309785699523,10.895524698135004,1.2306257707729935,0.9911341666164842,137.8147563529924,0.7671293103821369,1.145047440420112e+20,0.6357014064752639,2.880977358079402,0.15181177768490742
339,rl_dataset_delta_sampling_maxloop=2_grid_51_preprocessed/trajectory_0489.json,489,21,9.915263242024837,8.88437162167273,1.8798275650492322,0.4721553924773732,77907.86794800159,0.6845373781924017,0.7232517519063336,214.16276807882826,7.4303917157394554,3.7746538012903477,4.061068576126943,227.2839706172841,12.592563052603495,10.807306121287862,1.2206001653247764,0.9859210068251304,138.17964464917912,0.7651669218261493,1.1428415645410528e+20,0.6705065112443357,2.8068535032864155,0.1532494618117348
340,rl_dataset_delta_sampling_maxloop=2_grid_51_preprocessed/trajectory_0260.json,260,21,9.914207450709096,8.892576915363914,2.230741654810783,0.47210511670043315,79232.30957334748,0.6828248369555775,0.7614575659674725,217.07839518410344,7.430392221947939,3.7007754042644163,3.9452523721811867,315.3086919753089,12.782166459769176,10.924590824047689,1.2279914008108268,0.9879448193146562,137.69236425569852,0.7659476399586734,1.145276829546859e+20,0.6319438720255023,2.8776073849372277,0.15275578102115964
341,rl_dataset_delta_sampling_maxloop=2_grid_51_preprocessed/trajectory_0164.json,164,21,9.891626577455002,8.765999132885748,2.336700095536025,0.47102983702166673,78851.00317370181,0.6825014505059274,0.7526416760467084,211.0944454186664,7.430391756273503,3.7055643401301794,4.219624637480321,420.18526518518524,12.647500435821824,10.852040814026212,1.2182525179596464,0.9908119378935468,138.22191657958894,0.766685109177089,1.1427679239027022e+20,0.6334232463655247,2.875019985959362,0.15252287225915825
342,rl_dataset_delta_sampling_maxloop=2_grid_51_preprocessed/trajectory_0048.json,48,21,9.888955540810754,8.782729689784269,2.3173528686674274,0.4709026448005121,78337.01050324264,0.683437494042226,0.7552638564368679,211.92223983525605,7.430395441297588,3.7419457919358035,4.198095606818924,440.0618183950618,12.60237254916639,10.874041864091607,1.2175816352121542,0.9881365751004222,138.44641691034883,0.7652556431029595,1.1423697172913367e+20,0.6257242051419406,2.8690775745286716,0.15309190990405844
343,rl_dataset_delta_sampling_maxloop=2_grid_51_preprocessed/trajectory_0041.json,41,21,9.888255044732006,8.81517793295837,2.032211577203313,0.4708692878443812,78686.60295166042,0.6839257330924646,0.7473226734692522,214.18666804179455,7.4303917033237274,3.7564904624905258,4.017104587916034,319.6296796296298,12.681489219432537,10.88219694210825,1.2198006495150109,0.9853529682752878,137.963391197131,0.7657266042891105,1.1410261216735298e+20,0.8221632092349287,2.8530984450012404,0.15318002989051013
344,rl_dataset_delta_sampling_maxloop=2_grid_51_preprocessed/trajectory_0143.json,143,21,9.883047705329561,8.803074503498518,2.0297432966097793,0.47062131930140766,77623.24899785167,0.683447260329962,0.7411878137690256,212.16431279569724,7.430392709401926,3.734966704416364,4.068543868043706,445.6791023456791,12.60408322732374,10.8391482654582,1.2152294755958417,0.9864866774413259,139.72526512315844,0.7658066871406901,1.1410107190368312e+20,0.6354233741044355,2.894012347960064,0.1531187453816015
345,rl_dataset_delta_sampling_maxloop=2_grid_51_preprocessed/trajectory_0392.json,392,21,9.875246992614008,8.808702116792395,2.0175612460358243,0.47024985679114323,78120.47940819761,0.684214021519791,0.7403334021340005,215.37058035388822,7.430397021051867,3.7567429596034754,4.0782899234214725,420.6791023456791,12.707716484855698,10.894853060385664,1.2215533394585067,0.9856802972007838,138.9804157303308,0.7657126993072163,1.1394597163171267e+20,0.6322716476117262,2.8920835558489677,0.15324397869434583
346,rl_dataset_delta_sampling_maxloop=2_grid_51_preprocessed/trajectory_0237.json,237,21,9.874145812484773,8.820855696303463,2.2980912153467616,0.4701974196421321,79351.6967722904,0.684534711499091,0.752880247521105,222.61378534832392,7.430393210242327,3.7334324953289104,4.069006816372525,285.12348679012365,12.841736692332063,11.001755222237183,1.2407399013876161,0.9935158426766009,137.0961876316324,0.7695407972971698,1.1493336357772922e+20,0.6264705223575984,2.8721707850384037,0.1512176067666033
347,rl_dataset_delta_sampling_maxloop=2_grid_51_preprocessed/trajectory_0550.json,550,21,9.871387958641114,8.835855036601139,2.174609067260419,0.4700660932686245,77815.45561132228,0.6830593183832848,0.7420758627190586,210.26678660710564,7.430394966859266,3.709560767134469,3.920741290997742,260.67904234567925,12.529809336214782,10.767026920836742,1.2149111394121588,0.9868364683561638,139.43673296396418,0.765188078491656,1.1420175466508557e+20,0.6389773344428156,2.8939556616272655,0.15314810938567228
348,rl_dataset_delta_sampling_maxloop=2_grid_51_preprocessed/trajectory_0062.json,62,21,9.866560184260424,8.822797260829965,1.7081883011004324,0.46983619925049636,78375.67423116007,0.6844531245731748,0.7347340041288475,214.2280157325289,7.430393882232343,3.767671766669877,4.115761099364697,384.13587246913596,12.651533230493884,10.872001590562661,1.218427436078156,0.9869030623697082,137.93418780756676,0.7654412172048657,1.1398174708084127e+20,0.7843238977811386,2.8353205148370986,0.1536596416121449
349,rl_dataset_delta_sampling_maxloop=2_grid_51_preprocessed/trajectory_0212.json,212,21,9.865019864196142,8.79436258603358,2.258319130961156,0.46976285067600676,77766.23816104834,0.6833989546056551,0.7398357237496053,210.21160568587993,7.43039745856738,3.7295475700306238,3.984846900411692,315.6790723456792,12.613056727685507,10.817986846020979,1.2106548910753063,0.985425596060108,139.45693674821337,0.7653062612224893,1.1401269249397483e+20,0.6354250761451888,2.8938532201222387,0.15347467772921447
350,rl_dataset_delta_sampling_maxloop=2_grid_51_preprocessed/trajectory_0140.json,140,21,9.852182204356081,8.823729443699394,1.9425223276535315,0.4691515335407658,78897.15729097919,0.682987316133922,0.7573407645617432,213.4912601044944,7.43038564094601,3.7136752067766032,4.023803342990246,340.12350679012366,12.842270812302901,10.964940486638822,1.2164176492547136,0.9862551365328959,137.63434217058025,0.7656452526204577,1.1413425177126258e+20,0.6264885693845981,2.8708714994668685,0.15295045160431833
351,rl_dataset_delta_sampling_maxloop=2_grid_51_preprocessed/trajectory_0402.json,402,21,9.838513371561662,8.825034348798928,2.1564602459646047,0.46850063674103154,79055.26711715592,0.6832391016788388,0.7572743455216375,213.784140085705,7.4303939684696605,3.7225343004191034,4.00828420217537,235.24693358024717,12.633213878376209,10.811274191551218,1.2224228064961662,0.9864511526982969,137.85550185483424,0.7657411267639205,1.144068930074969e+20,0.6299251025958987,2.876441829305132,0.15289201530296612
352,rl_dataset_delta_sampling_maxloop=2_grid_51_preprocessed/trajectory_0262.json,262,21,9.824296634444464,8.784099049327772,2.297553727660455,0.4678236492592602,78562.50475859537,0.6831438764513927,0.7593671505758822,211.0048719417207,7.430393965188925,3.71808000030751,3.9109770928603504,400.18527518518533,12.69278358408377,10.812319110139102,1.2167715275524924,0.9868480802354994,138.33018387873156,0.7651519093562978,1.1427672995070337e+20,0.6334225863257198,2.8751158981840694,0.15341608994844672
353,rl_dataset_delta_sampling_maxloop=2_grid_51_preprocessed/trajectory_0352.json,352,21,9.811044206696602,8.781495354873286,2.123247831894485,0.4671925812712668,79255.95781311861,0.68775631341675,0.7611932455207506,216.96906319647982,7.43039687732153,3.8414131703633276,4.152230980765241,235.55556555555583,12.686155397414579,10.844377993381201,1.2293901852008216,0.9901715025416562,137.81074933047358,0.7693363557245286,1.1469524441524932e+20,0.6377586908450967,2.8876433500415,0.15077324831416264
354,rl_dataset_delta_sampling_maxloop=2_grid_51_preprocessed/trajectory_0180.json,180,21,9.797974166105625,8.75218515986239,2.4347458264695687,0.4665701983859821,78854.39489168835,0.6819669682195099,0.7600675261582575,214.5554934868805,7.430388709561917,3.6748472756851935,3.9554649339023578,240.18520518518545,12.64075112929598,10.796948766608264,1.2267567949998286,0.9904066982801806,138.03627770089705,0.7657504756378213,1.1476690045922614e+20,0.6334218230587342,2.874920885939854,0.1528040718864002
355,rl_dataset_delta_sampling_maxloop=2_grid_51_preprocessed/trajectory_0319.json,319,21,9.797932807261754,8.789356586768335,1.685255618003845,0.4665682289172264,78328.11019607582,0.6859619512076333,0.7474334490936788,217.75189830492252,7.430395102276362,3.7966528279009273,4.234841323536999,274.62964962962985,12.807713104910768,10.926750299708134,1.2310355061324958,0.9876486523753213,137.72785411182323,0.7676939837023857,1.1474470678990887e+20,0.7665665012567539,2.8542527480459534,0.15235413318608867
356,rl_dataset_delta_sampling_maxloop=2_grid_51_preprocessed/trajectory_0466.json,466,21,9.790984560646276,8.792115978377195,2.012897560336684,0.46623736003077504,78913.83114337824,0.6827906305302828,0.7614907490689803,212.02232889781192,7.4303939820387175,3.7053537218243133,4.086853707468349,240.24693358024717,12.70501576502275,10.831931981965797,1.219860839684666,0.9895037529955768,137.69038869474798,0.765420582222024,1.145464674201619e+20,0.6297143035142578,2.876994522096424,0.1528793576325855
357,rl_dataset_delta_sampling_maxloop=2_grid_51_preprocessed/trajectory_0284.json,284,21,9.78665775503712,8.751261111804247,1.695162750363533,0.4660313216684343,77757.1202653145,0.6845242237008231,0.7386001320072514,209.43187435733162,7.430390449372687,3.7748301074353443,4.075819657201043,339.2593292592594,12.567144806560089,10.775479740303034,1.2085446208518065,0.9843718482028722,138.2737399460034,0.7640764408972274,1.1400122514080163e+20,0.7852128477991644,2.841428362446873,0.15442770603655975
358,rl_dataset_delta_sampling_maxloop=2_grid_51_preprocessed/trajectory_0578.json,578,21,9.782653648419084,8.761269826389858,1.6035248128799529,0.46584064992471824,77887.41168069503,0.6836978928388273,0.7435888680792841,210.13855847016117,7.43039169986158,3.74627173146485,4.106346234440873,300.6790523456792,12.587146096864526,10.841770614200062,1.2094405631855512,0.9845185003783185,138.8495442550977,0.7652875458374829,1.138291768412458e+20,0.6710876955675203,2.812279573708133,0.1535394442724455
359,rl_dataset_delta_sampling_maxloop=2_grid_51_preprocessed/trajectory_0588.json,588,21,9.780041749279016,8.715924906631766,2.347243885629503,0.46571627377519126,79484.3330132482,0.6825775492893829,0.7588617959652945,217.34401671676477,7.430394031572956,3.6901222582967437,4.023320896889409,355.37043037037057,12.699735844134866,10.869805190178004,1.2276280905403156,0.9890296578182659,138.00283384027173,0.7668438902490271,1.1443089910105778e+20,0.6356999144298647,2.881094778993664,0.15199306052620623
360,rl_dataset_delta_sampling_maxloop=2_grid_51_preprocessed/trajectory_0580.json,580,21,9.759953012863308,8.705584934940257,1.8741498583334353,0.46475966727920515,77925.93198174029,0.6836497082189043,0.7415339091247993,209.225507242084,7.430392106811984,3.744048782857028,4.002581603484996,434.4445344444445,12.550782711961538,10.830508763569425,1.2115862036814178,0.9861016701981405,138.59440191508665,0.7646246287389191,1.13916770046847e+20,0.8124980188776793,2.848097982618276,0.1538679751729267
361,rl_dataset_delta_sampling_maxloop=2_grid_51_preprocessed/trajectory_0414.json,414,21,9.75194934760276,8.690573890979522,2.282728625913212,0.46437854036203624,79469.83531016478,0.6817325375619762,0.7601565854901294,216.221245410396,7.430392200434677,3.6621350091530225,3.9673807269130825,445.3087319753088,12.87842838586691,11.032665729975925,1.2265376727477764,0.9901272371064295,137.20407647923776,0.7669623504586561,1.1456891062517554e+20,0.6257176188156149,2.8757043462196012,0.15211767807295065
362,rl_dataset_delta_sampling_maxloop=2_grid_51_preprocessed/trajectory_0272.json,272,21,9.746514869188797,8.714596656376811,2.001407701369716,0.464119755675657,78406.4941011489,0.6841690742920261,0.7406924853047148,216.8071304490939,7.430390339307733,3.7436506192868686,4.1384790019829225,300.67904234567925,12.697448396947632,10.879231152800045,1.227715258616757,0.9890277364535719,138.2722423419793,0.7678682835620281,1.1463420073018542e+20,0.6330488299135312,2.8933043436499646,0.15197813713075106
363,rl_dataset_delta_sampling_maxloop=2_grid_51_preprocessed/trajectory_0219.json,219,21,9.741609644583976,8.710483716222956,2.2494324698205594,0.4638861735516179,78737.05226459028,0.68312662649676,0.7575343216659873,213.83545347573835,7.430392981890863,3.716226130860846,3.9793810267053153,355.0617983950619,12.649246447663995,10.85625402194152,1.2183032077737286,0.9859959148660266,137.9811326428072,0.7651889560769015,1.1414034784345773e+20,0.6320169815380609,2.8703385122387606,0.15339110789668853
364,rl_dataset_delta_sampling_maxloop=2_grid_51_preprocessed/trajectory_0505.json,505,21,9.739568762209714,8.687463607770914,1.7600571979594393,0.4637889886766531,77850.24236733344,0.6846411468297723,0.7206936993566558,209.3633334907834,7.430395069271385,3.777795242475901,4.0785123429927825,313.7654920987656,12.523386322263915,10.790624786485628,1.2078330487634952,0.9849379516770534,138.2103248838629,0.7641897695670693,1.140753199953476e+20,0.7357359683488032,2.823765023547265,0.15440225322650644
365,rl_dataset_delta_sampling_maxloop=2_grid_51_preprocessed/trajectory_0591.json,591,21,9.73155555985338,8.714075625625517,2.1753413276062306,0.4634074076120657,79060.04293031241,0.682526654797248,0.7590273530451745,217.1449983136262,7.430393064330601,3.6847859689081646,3.9135360886021893,415.8025491358026,12.672902789131983,10.847980063108519,1.2276890768860145,0.9888196830160236,138.69945315083726,0.7668291452337165,1.1451015645037591e+20,0.6362218238523434,2.897467095415413,0.15218496445163668
366,rl_dataset_delta_sampling_maxloop=2_grid_51_preprocessed/trajectory_0063.json,63,21,9.728813050810027,8.695444158477464,2.0320428228010177,0.46327681194333464,78585.0008620159,0.6829216982465556,0.7536916403426132,214.36905404372777,7.430394850455704,3.7170434514208703,4.063950611026702,285.1852151851854,12.831536158935984,10.972888021337496,1.2223077128892443,0.9865760389859574,137.8455275269433,0.7653169353721561,1.1442099400203972e+20,0.6296637435204144,2.8747875405127252,0.15296504002191672
367,rl_dataset_delta_sampling_maxloop=2_grid_51_preprocessed/trajectory_0268.json,268,21,9.728211318264702,8.724255800979416,1.9816388092983899,0.4632481580126048,78977.11240166097,0.6849408674072146,0.7576495648229045,217.39920395941286,7.430391383568235,3.7579034953440726,4.071033252821919,405.0617983950618,12.871794503419217,10.988679666278045,1.2280424596199666,0.9878145181117418,137.20533407655017,0.7670700993126912,1.1439189884621521e+20,0.6581967585250282,2.786624569498456,0.15212031768086906
368,rl_dataset_delta_sampling_maxloop=2_grid_51_preprocessed/trajectory_0086.json,86,21,9.721019573084842,8.650082031644073,2.168574678357113,0.46290569395642106,78345.9022452547,0.6828652194647843,0.7399983533764356,213.52486340421183,7.430392741892921,3.7121498216045596,4.046866192279203,360.6790723456792,12.609666068536782,10.843186284807638,1.218393373922665,0.9890379158825623,139.54907339431784,0.7660705594867289,1.1414018758157589e+20,0.6354157939408027,2.893994962218354,0.15265789792564885
369,rl_dataset_delta_sampling_maxloop=2_grid_51_preprocessed/trajectory_0176.json,176,21,9.716603609029477,8.624596031677521,2.446887529164817,0.4626954099537846,79463.38294710718,0.6879911030255366,0.7412218638770612,219.32328902026427,7.4303892276504415,3.852849075817627,4.3651167059993705,445.67910234567904,12.592633420611934,10.830052453199528,1.2341149483554155,0.9940644609256021,138.37332650019235,0.769940924696297,1.1486806247815007e+20,0.6355420702734276,2.8933582988387325,0.1503073861561758
370,rl_dataset_delta_sampling_maxloop=2_grid_51_preprocessed/trajectory_0549.json,549,21,9.708960888677447,8.62028710223382,2.3513175150543733,0.46233147088940224,78942.91199569708,0.6816834025974131,0.7483290908445747,214.2212683244385,7.430392986558667,3.6685454620421307,3.987035391560433,335.2469635802471,12.690780645146539,10.903889247833463,1.2199176966543297,0.9903860445731637,138.14963705200557,0.7670518134537424,1.142502662809945e+20,0.63312447764786,2.8770774409861026,0.15215630696246032
371,rl_dataset_delta_sampling_maxloop=2_grid_51_preprocessed/trajectory_0517.json,517,21,9.705314692174326,8.6550335142504,2.3462936442814004,0.4621578424844917,79364.00191012482,0.6821405572248505,0.7598545040886794,214.91383982911253,7.430394634386665,3.6782375347411245,3.916075122927081,325.18523518518543,12.634314281904174,10.84788375472073,1.221773661373364,0.9879473059505538,137.85619954552087,0.7665503290016903,1.1418182826618615e+20,0.631990185397647,2.8743422967604495,0.1522763713727346
372,rl_dataset_delta_sampling_maxloop=2_grid_51_preprocessed/trajectory_0501.json,501,21,9.695129406924393,8.716623666453682,1.9348668329268186,0.46167282890116157,78876.94389159032,0.6829913262359167,0.7578207747191587,214.1721855350937,7.430387814059103,3.717111875550414,4.032660922445993,250.3086719753089,12.688039453695858,10.838357677907293,1.2254123574973088,0.9870058267027049,137.60792334191405,0.7653726542023853,1.1464339299911292e+20,0.6319516850743714,2.878841738305854,0.1533143917851875
373,rl_dataset_delta_sampling_maxloop=2_grid_51_preprocessed/trajectory_0540.json,540,21,9.681052609698195,8.688624459431256,1.956431634746858,0.4610025052237236,79081.25566269607,0.6820700157453392,0.7617684091940601,213.92477252812517,7.430390495299769,3.6753052734516345,3.9430164090099584,340.3086919753089,12.665201759959503,10.834226868347018,1.2191086974488554,0.9886288946707805,137.51803576430342,0.765897578915189,1.1439976633935174e+20,0.6349143271585498,2.8792143862713275,0.15264501264507632
374,rl_dataset_delta_sampling_maxloop=2_grid_51_preprocessed/trajectory_0495.json,495,21,9.650605240071972,8.614104680388879,2.290317479555937,0.4595526304796177,79422.48660067978,0.68175633851571,0.7537026662498557,214.74414689837897,7.430389060419803,3.6603570896043203,3.943595598822732,400.1235267901236,12.656460739914404,10.839350063342602,1.2228507973305984,0.9892253242437778,137.46346814296209,0.7665423043213236,1.1434587765501421e+20,0.628964570400213,2.872382114689594,0.15216926970176972
375,rl_dataset_delta_sampling_maxloop=2_grid_51_preprocessed/trajectory_0042.json,42,21,9.645242369142519,8.59228776074973,2.454083241607472,0.45929725567345325,79887.06416887161,0.6854250515841408,0.7581854615925184,219.61853398871241,7.430392459591989,3.7581587965008736,4.167599536086445,440.4321887654322,12.706092301876543,10.838440168804981,1.233234068037033,0.9924492328053507,137.0218941329727,0.7690136771856905,1.147123528173331e+20,0.6329386680473492,2.8830285033619805,0.15075002923470845
376,rl_dataset_delta_sampling_maxloop=2_grid_51_preprocessed/trajectory_0122.json,122,21,9.627245132964747,8.59570168446886,1.982500957637434,0.45844024442689274,78625.22000222444,0.6831671283187805,0.7264594150865819,212.63061332811043,7.430392120167324,3.7221735228783905,4.089432779847464,348.888948888889,12.648199683912281,10.85685294296187,1.215518535201279,0.9864390651589364,137.90898779195797,0.7651328945037325,1.142880112768019e+20,0.7411276949004012,2.8278793872427967,0.15349277598527555
377,rl_dataset_delta_sampling_maxloop=2_grid_51_preprocessed/trajectory_0097.json,97,21,9.625538762986206,8.579495794004483,2.02402147911688,0.4583589887136289,79182.55942215135,0.6819821214203811,0.7610791396058029,213.59877422912137,7.43039470335776,3.6804347332624974,4.001930313776143,445.37046037037055,12.744680671766783,10.860212098270328,1.2211994826824846,0.9894821484710831,137.994645134515,0.7668897971518133,1.1438220659631229e+20,0.6320866883697951,2.881317244002849,0.1522749110693756
378,rl_dataset_delta_sampling_maxloop=2_grid_51_preprocessed/trajectory_0177.json,177,21,9.606206623364514,8.604297540018862,2.166228145400983,0.45743841063640545,79295.34795385423,0.6823566442581824,0.7581961145753146,215.95695213227057,7.430390454703173,3.6901633578223567,3.94838483120128,365.2469735802471,12.711564100405004,10.889760084492165,1.223692371397201,0.9867787781036729,137.67777105227498,0.7657765440560933,1.1448426113470605e+20,0.627909648391569,2.8770239735305987,0.152583263140639
379,rl_dataset_delta_sampling_maxloop=2_grid_51_preprocessed/trajectory_0292.json,292,21,9.58844917305313,8.561519123428745,2.221981859656376,0.4565928177644348,79149.80731351912,0.6824935388092049,0.7584200653467146,213.43401812796273,7.430391047528923,3.699503313276502,4.045425199788074,340.0000500000002,12.622913480922865,10.855190266976841,1.2178529164115168,0.9860302435030102,137.8958796395503,0.7656808507906238,1.1434216201083637e+20,0.6566835334304111,2.7249969305697403,0.15244936264109296
380,rl_dataset_delta_sampling_maxloop=2_grid_51_preprocessed/trajectory_0099.json,99,21,9.583997501750867,8.57844729403943,2.2061561600211084,0.45638083341670793,79635.34792663004,0.6820030753065194,0.7599064608176483,218.24382308019383,7.4303941222783605,3.6701858116252657,4.039398961713986,390.24698358024705,12.665387449737231,10.85164242643496,1.2322885553354395,0.9919879022717571,137.4779787691879,0.767032491671937,1.1458004505384883e+20,0.6318482681508817,2.876378254161254,0.1522233652804079
381,rl_dataset_delta_sampling_maxloop=2_grid_51_preprocessed/trajectory_0340.json,340,21,9.567865945387567,8.574453251369382,2.1942618449890627,0.4556126640660746,79618.506410889,0.682835101032267,0.7507628015577159,218.03361013433974,7.430396582949931,3.692069740786625,4.045506793093928,280.1852151851854,12.701537400684256,10.875443651922524,1.2329060241576262,0.9884499072812741,136.790716284851,0.767252213502304,1.1497179489781934e+20,0.6271871063246626,2.8742244365273453,0.1518314815217274
382,rl_dataset_delta_sampling_maxloop=2_grid_51_preprocessed/trajectory_0085.json,85,21,9.56511415074655,8.532589847953657,2.2997968002184495,0.4554816262260262,79361.5336324953,0.6821697844692169,0.7505018145392437,215.74721137759758,7.430391231986743,3.6748783592272902,3.952962979287241,360.1852451851853,12.640619647478191,10.849004606471963,1.2249417157023588,0.9915349314118757,137.6638279233808,0.7665111272634716,1.1428588741507016e+20,0.6289829880422279,2.874702827622608,0.15235612257185696
383,rl_dataset_delta_sampling_maxloop=2_grid_51_preprocessed/trajectory_0514.json,514,21,9.56258333134814,8.56393751313593,1.6766650623530437,0.4553611110165781,78060.9135406727,0.6847482766737666,0.7482951057821454,210.8716790506746,7.4303923140236305,3.778533151332932,4.166405731371859,239.69137802469157,12.523263800603594,10.770564515130552,1.2180918461557313,0.9876115276663785,138.52974874722867,0.7650472841367296,1.1428656787572674e+20,0.7949095059203061,2.857046562465149,0.15370165669131505
384,rl_dataset_delta_sampling_maxloop=2_grid_51_preprocessed/trajectory_0034.json,34,21,9.557138914558179,8.52592479229332,2.2817529507108327,0.455101853074199,79546.53802656186,0.6818797166102786,0.7606140027452368,215.85523846670202,7.430392650060611,3.6666878817140947,3.9177398048607044,350.1852451851854,12.771678227517606,10.967249937915065,1.225261424661843,0.9889964914604789,137.69773309212334,0.766970813837922,1.1464818463108096e+20,0.6334668735929422,2.8740294880628983,0.15207404544385694
385,rl_dataset_delta_sampling_maxloop=2_grid_51_preprocessed/trajectory_0458.json,458,21,9.553053244943008,8.512415346941076,2.3375526108551483,0.4549072973782385,80163.08945203129,0.6826963337265,0.7602305856806808,216.4664711581439,7.4303939250085635,3.6840039106891553,3.984323057758817,340.3086919753089,12.705839261771878,10.90626501204524,1.227155934949506,0.9912727137910403,137.19386366599727,0.7683003112414076,1.145844822481553e+20,0.6315916817874015,2.8785816796687307,0.1511478936792071
386,rl_dataset_delta_sampling_maxloop=2_grid_51_preprocessed/trajectory_0227.json,227,21,9.552977533526656,8.50136130692365,2.042884322341868,0.45490369207269793,79842.96719836703,0.6851086203561638,0.758770329143677,218.54141467507407,7.430387882582854,3.774850205180006,4.15296494938634,265.1852051851854,12.755975167856546,10.95423092318094,1.2300223474131946,0.9907360526109125,137.06161137118863,0.7691468352997637,1.1443957965861749e+20,0.626958088963728,2.8727231614738273,0.15085087160823699
387,rl_dataset_delta_sampling_maxloop=2_grid_51_preprocessed/trajectory_0396.json,396,21,9.550174390027028,8.499671259820449,2.21711352005099,0.4547702090489061,79118.02536526832,0.6841247878677429,0.7359339211568973,219.69042061283605,7.430391771933625,3.7307901179628433,4.05315816259278,416.48155148148146,12.671539165663955,10.880994033538432,1.2331824596151961,0.9902146979886458,138.64769114744496,0.7686868710401179,1.144286314156842e+20,0.6496991312190705,2.7175809325419813,0.15098364147872256
388,rl_dataset_delta_sampling_maxloop=2_grid_51_preprocessed/trajectory_0412.json,412,21,9.539069482847331,8.494817182694248,2.218779258296817,0.45424140394511103,78841.98689120599,0.6824320780898298,0.7445645396944554,214.87858019069947,7.430393715483656,3.6952474135159084,3.982905153586883,335.6173339506174,12.681773566683727,10.883701305339947,1.2193202341305667,0.9871197550745615,138.8726945981769,0.7664298114610636,1.1442531915777886e+20,0.6383522902246408,2.8912821996620846,0.1523321202196448
389,rl_dataset_delta_sampling_maxloop=2_grid_51_preprocessed/trajectory_0022.json,22,21,9.523112416584858,8.510826706542886,1.8653432117335076,0.453481543646898,78813.53082285932,0.6829989693647464,0.7558801713158524,214.8710683653246,7.430394355718993,3.7098497847680076,4.051843202193279,394.8766132098767,12.605955490608576,10.829433435433398,1.2227587808473346,0.9875085123675612,137.8363123759714,0.7660597910429221,1.142431336007819e+20,0.8227367302661988,2.861971776497848,0.15283169975061378
390,rl_dataset_delta_sampling_maxloop=2_grid_51_preprocessed/trajectory_0574.json,574,21,9.517222093131595,8.464562906018621,2.306901459104052,0.4532010520538855,79263.56631127515,0.6810810947158606,0.7586137120127472,213.29213752972748,7.430394312564071,3.644641788684297,3.973295951779146,400.00007000000016,12.700383930019681,10.901048266505684,1.2213597134866614,0.9898092670921015,137.74023997738738,0.7669477745335037,1.14422055190314e+20,0.6313896510926768,2.867263818428591,0.15202853408981695
391,rl_dataset_delta_sampling_maxloop=2_grid_51_preprocessed/trajectory_0147.json,147,21,9.515037576826128,8.541965832133247,1.9558418693723394,0.45309702746791086,78544.66595656815,0.6827253036875616,0.7439763357733546,218.0434090618511,7.4303962438554745,3.695718241986299,3.9600852427055764,210.6172939506175,12.660853512709307,10.839165000509574,1.2303956832382754,0.9903979857945441,138.73963401705632,0.7656639974959591,1.1461779187676663e+20,0.6383465049965621,2.891281823258544,0.15292932059502745
392,rl_dataset_delta_sampling_maxloop=2_grid_51_preprocessed/trajectory_0026.json,26,21,9.514950283925195,8.460320625074806,2.2658413110225384,0.45309287066310455,79272.89916545743,0.6822400208753168,0.7601685988326786,218.0498513336226,7.43039288588422,3.6740623920477136,4.222649861306341,440.246993580247,12.663653555624284,10.869266979089403,1.2306182291720897,0.98941486817785,137.39341065333886,0.7673539510229667,1.1454248447351459e+20,0.6271568304499252,2.8751304760819125,0.1515105948316988
393,rl_dataset_delta_sampling_maxloop=2_grid_51_preprocessed/trajectory_0518.json,518,21,9.513592455021765,8.542243050381458,1.9735361677966594,0.4530282121438936,79296.42411424806,0.6830789922835391,0.7611996008457204,217.90229318606154,7.430391111201472,3.713612052308291,3.9826672294163123,230.3086619753089,12.713231689325461,10.841487846723615,1.2305819719144373,0.9893129648065501,137.50482210204413,0.7656523040354718,1.1458064789727812e+20,0.6319709956882686,2.8786528307674235,0.1528308026710267
394,rl_dataset_delta_sampling_maxloop=2_grid_51_preprocessed/trajectory_0247.json,247,21,9.50104049050203,8.449271741972826,2.171371150127391,0.4524304995477157,78569.02166942926,0.6828144310305195,0.7409439336774472,217.62009672394998,7.430392861383612,3.6944674463517053,4.181476927588903,440.6790923456791,12.630195568094228,10.868758984033356,1.2294386158839656,0.9897010998581126,138.73737383276605,0.7676346381566467,1.1457780896441418e+20,0.6355393565872929,2.893602570261315,0.15165242864526984
395,rl_dataset_delta_sampling_maxloop=2_grid_51_preprocessed/trajectory_0547.json,547,21,9.488765507737451,8.473416862952002,2.2982229867491775,0.4518459765589262,79989.78555066837,0.6816499667068877,0.7527454592057847,217.81109038564992,7.430396283656698,3.6499977995715183,3.905059452283409,340.1852351851853,12.775535505889286,10.948754583615564,1.2306818326420468,0.9916833769544142,137.4601242458474,0.7676867135217931,1.1466652845981247e+20,0.6295192087368614,2.8739551217895283,0.15140033477869538
396,rl_dataset_delta_sampling_maxloop=2_grid_51_preprocessed/trajectory_0336.json,336,21,9.487881180767896,8.509312572842688,1.994189531574672,0.4518038657508522,79532.81800082274,0.6822043267386535,0.7603565990115451,217.78780066145674,7.430385365828924,3.6734610381682566,3.892364788405495,335.3086919753089,12.796795185578427,10.95395369155113,1.230111281927608,0.9900020317095687,137.42879713875996,0.7670721736187187,1.1466884631057446e+20,0.6349152396619495,2.8791503603078215,0.15194589303251393
397,rl_dataset_delta_sampling_maxloop=2_grid_51_preprocessed/trajectory_0437.json,437,21,9.485524133383437,8.463899538108729,1.817933299136722,0.4516916253992113,78713.63155528858,0.6835616427417599,0.7561768162025024,212.42326795829516,7.43039432919146,3.741709831475367,4.0390746043005095,339.93832160493844,12.630324175982278,10.856668542389112,1.2149344091284584,0.9843761087669679,138.347166547579,0.7655902473652499,1.1402899613016143e+20,0.8013900769365504,2.865905776863029,0.1529113799896266
398,rl_dataset_delta_sampling_maxloop=2_grid_51_preprocessed/trajectory_0379.json,379,21,9.479378215513918,8.448909667960043,1.9717646124506243,0.4513989626435199,79440.68524310396,0.6849346351882426,0.7469097229020667,217.39394920005392,7.430394912085519,3.7668511600392325,4.2000515231794004,379.62968962962975,12.632646358747083,10.83734110728082,1.2263400163273765,0.9903213187023981,137.15413407647824,0.7680806845114397,1.1439047487152711e+20,0.7960961800616034,2.8541770589101745,0.15164099936924225
399,rl_dataset_delta_sampling_maxloop=2_grid_51_preprocessed/trajectory_0373.json,373,21,9.440167147899304,8.454282961800741,2.2820216144710592,0.4495317689475859,79642.05347929636,0.6832924508520827,0.7544296264244795,216.02602340748882,7.430392164431457,3.700264223805731,4.091962735889984,380.1235267901236,12.710103331811661,10.848063148319081,1.22810274137655,0.9876056424078051,137.1233493243546,0.7671901378402213,1.1470393496092698e+20,0.6317355940338316,2.8704364442589965,0.15188694961674368
400,rl_dataset_delta_sampling_maxloop=2_grid_51_preprocessed/trajectory_0371.json,371,21,9.43884529066068,8.425133142547049,1.9473629671154509,0.44946882336479427,78365.30831277244,0.6820138748429431,0.7437614805360552,210.0657642164667,7.430390528080115,3.67737744372299,3.915701429491456,380.5556255555557,12.61186225767733,10.834436573785041,1.2153899692698427,0.9889926305308478,138.72055009343916,0.7664002972718132,1.1422400791768053e+20,0.634283950116596,2.888956811709684,0.1525522080977346
401,rl_dataset_delta_sampling_maxloop=2_grid_51_preprocessed/trajectory_0421.json,421,21,9.434209005256516,8.423380431039297,2.2732230195787606,0.4492480478693579,79398.67113203887,0.6822356943205194,0.7403342273748593,221.41036341019196,7.430379912917405,3.66444642499522,3.859866425251922,310.6790523456792,12.745574926112134,10.893176149636314,1.2390630290367382,0.9921176032261378,138.26109286117932,0.7671270629232637,1.1496054926484246e+20,0.6330476039669558,2.8933329366095,0.1515440397505572
402,rl_dataset_delta_sampling_maxloop=2_grid_51_preprocessed/trajectory_0003.json,3,21,9.426106750669918,8.436763684909169,2.126606202128607,0.44886222622237704,78768.66930397802,0.6823233651599342,0.7413609962503666,213.52769213885534,7.430392977489276,3.685291771975786,4.060691583972955,340.6790623456792,12.609048053097728,10.819653518221449,1.2190596643871454,0.9875831119009532,138.8608132144378,0.7662013964474559,1.1447522200199309e+20,0.6389799610596053,2.8936010279651923,0.152261190612302
403,rl_dataset_delta_sampling_maxloop=2_grid_51_preprocessed/trajectory_0009.json,9,21,9.414118281096984,8.427576357736738,2.2640555398151863,0.448291346718904,79587.38065544105,0.6812559163008726,0.7574688438344417,217.9477609601743,7.430387518202767,3.641180976335592,3.8542646083768966,440.247003580247,12.658197681748767,10.83076891501131,1.2311276336593395,0.9891343767756821,137.4004463636343,0.7667994189333096,1.1467710389862801e+20,0.6315501664437879,2.8763238540633966,0.15218054352005164
404,rl_dataset_delta_sampling_maxloop=2_grid_51_preprocessed/trajectory_0190.json,190,21,9.411954255084867,8.41224711023706,1.6053209694754396,0.44818829786118414,78555.34107610415,0.682988958397478,0.7476292179538975,211.00511677242872,7.430392030363799,3.714620376170355,4.095962455626782,419.6297096296297,12.559738319339017,10.821653919985456,1.2164017041514832,0.9875770525278025,137.80794528668727,0.7655269536866626,1.1410806892937898e+20,0.8274611040531924,2.854549538098076,0.1531225284447406
405,rl_dataset_delta_sampling_maxloop=2_grid_51_preprocessed/trajectory_0554.json,554,21,9.410924748706579,8.428995651893924,2.2648669459977664,0.44813927374793233,79908.07400275327,0.6819309853194773,0.750032934295169,223.29749409831896,7.43038911669447,3.6573406679781115,3.923761108012304,280.18521518518537,12.753157216471715,10.902910802249906,1.243362410990234,0.9920703390325688,137.12101230052136,0.7667640703600537,1.1506785137212378e+20,0.6289967267738248,2.8744001988697003,0.15168616726552445
406,rl_dataset_delta_sampling_maxloop=2_grid_51_preprocessed/trajectory_0025.json,25,21,9.410633770210028,8.468333125351439,1.9844479882017152,0.44812541762904895,79647.62000143965,0.6843619014956998,0.7615298576910225,220.7879803660198,7.430394153261083,3.7362501173633156,4.022858483093894,300.24696358024715,12.65772096112762,10.829880598270552,1.238273729951089,0.9919695281974196,137.12599261047197,0.7667549546175844,1.1496497024346515e+20,0.6304122114722083,2.8767022890401472,0.15221842778862243
407,rl_dataset_delta_sampling_maxloop=2_grid_51_preprocessed/trajectory_0165.json,165,21,9.397806076404692,8.444776400162448,1.9775184950551132,0.4475145750668901,79075.81878773058,0.6818772788603774,0.7574632580291385,216.78215288143457,7.430393026277726,3.6687673960062055,3.8956420473255786,250.24694358024718,12.63906172581439,10.833047104719961,1.2277982327817112,0.9894832695856919,137.77703751282587,0.7659685793193214,1.1457942522265328e+20,0.6325530791116561,2.8765222146205907,0.1527879261126691
408,rl_dataset_delta_sampling_maxloop=2_grid_51_preprocessed/trajectory_0335.json,335,21,9.397573584239376,8.415791778680576,2.0379697347919565,0.4475035040113989,79501.26797453997,0.6845301000987396,0.7569802044318367,214.60427044606797,7.430394814298781,3.7507753817866147,4.042579915320311,290.0617683950619,12.624889042551612,10.796384043134553,1.2239814194662277,0.9871722699906945,137.14535650784143,0.767074834839706,1.1449869192756983e+20,0.6562675218530261,2.7177051922485345,0.15203391636393637
409,rl_dataset_delta_sampling_maxloop=2_grid_51_preprocessed/trajectory_0135.json,135,21,9.37335157917095,8.383330253850199,2.0183873590794397,0.4463500751986167,79721.88596334623,0.6826279840277424,0.7529264814476734,217.92550478979777,7.430395816457025,3.688962140505482,4.024239594896438,295.37041037037056,12.825585189724904,10.972696923798626,1.230945405639685,0.9889397140678814,137.46378557390238,0.7672603803270205,1.1464182512475125e+20,0.6320680650927086,2.881032167653368,0.15167823243929748
410,rl_dataset_delta_sampling_maxloop=2_grid_51_preprocessed/trajectory_0479.json,479,21,9.368817805823376,8.345077028834254,1.9429730702018397,0.44613418122968457,78405.81773966273,0.6828411284810078,0.7382881083777747,211.57014866866962,7.430392298198575,3.718449489479317,4.047062510469483,329.3210376543211,12.6345634277904,10.849182593211205,1.2122487410996692,0.9853604942634684,138.10564624476703,0.7651837543338272,1.1397339937631255e+20,0.8032016070392436,2.842049479725372,0.1531818384583368
411,rl_dataset_delta_sampling_maxloop=2_grid_51_preprocessed/trajectory_0171.json,171,21,9.36625008462998,8.34021831020659,1.9099220465169335,0.44601190879190383,79207.3353263473,0.6835911510201599,0.7523676303635382,214.18933967348516,7.43039440003404,3.7288552551755227,4.168112934123673,409.81488481481495,12.679026976288727,10.876527976302041,1.2187719961787504,0.9885794061467662,137.34410887432557,0.7673092336166754,1.1423765066317023e+20,0.8018084940934442,2.8610129083113955,0.15190560524068417
412,rl_dataset_delta_sampling_maxloop=2_grid_51_preprocessed/trajectory_0191.json,191,21,9.35869221152247,8.3642155906722,1.920664845993708,0.4456520100724986,78942.8084770911,0.6832690980044454,0.7464952408383438,212.3074754251232,7.430383321545654,3.7268246408735375,4.173110140077042,319.62967962962983,12.622217092312205,10.820764923662718,1.2191947790314182,0.9867450324712901,137.88258974009517,0.7656615006044807,1.1448187174435652e+20,0.8274071050932726,2.854392273396502,0.15288293018618873
413,rl_dataset_delta_sampling_maxloop=2_grid_51_preprocessed/trajectory_0429.json,429,21,9.357708225022549,8.346258085506745,1.8811575372458937,0.4456051535725023,78513.37984411679,0.6824279749057253,0.7541646603680601,209.5201182311624,7.430385958721552,3.697725726022592,3.920797864472042,259.8765732098768,12.565949068513296,10.843635272317481,1.2132738075090403,0.9883118718205569,138.20350143655628,0.7656796669604846,1.1400963054352014e+20,0.8297246338065475,2.863617007500313,0.15290488780127512
414,rl_dataset_delta_sampling_maxloop=2_grid_51_preprocessed/trajectory_0213.json,213,21,9.350129533638778,8.324311084652885,2.199461184694603,0.4452442635066085,78600.4506543175,0.6817602417699488,0.7428053323656487,212.7679658960189,7.430391767464673,3.6641107566980398,3.9366648511136746,440.55564555555566,12.591851700677822,10.829453083694407,1.2212807233409884,0.9907726705543543,139.08619861783052,0.766194780527631,1.1437985491806876e+20,0.6377460155944733,2.8891211737953646,0.15234167589683553
415,rl_dataset_delta_sampling_maxloop=2_grid_51_preprocessed/trajectory_0524.json,524,21,9.349019217620212,8.370274550408883,1.8999448041821525,0.4451913913152482,78151.01237500258,0.682603589029185,0.7419647999407203,211.12506748922362,7.430393142729193,3.6929148045635136,3.971345357557542,240.67903234567922,12.747834935483159,10.907130282530302,1.2173663055195534,0.9874954676474493,138.71033232504993,0.7659827299466415,1.143175066903302e+20,0.6313447359062008,2.891849737616963,0.15278326906275472
416,rl_dataset_delta_sampling_maxloop=2_grid_51_preprocessed/trajectory_0500.json,500,21,9.346274517013013,8.271949403864236,2.205444161839733,0.44506069128633396,78867.32730019129,0.6828471667009649,0.7432721686322411,216.3019038412196,7.429917746006064,3.699740900721397,4.387163481419323,445.5556355555556,12.592544501313357,10.856065477061009,1.2312492022109576,0.9949450875388699,139.11188188697105,0.7682460008060398,1.148479490314948e+20,0.6382438267435651,2.888900093503747,0.151175018239903
417,rl_dataset_delta_sampling_maxloop=2_grid_51_preprocessed/trajectory_0302.json,302,21,9.326855179453377,8.335186587072828,2.040665536943164,0.44413596092635127,79699.99788543224,0.6823661934982176,0.7528828771553897,216.8860278471831,7.430396708191608,3.6792013395367014,3.98932002160842,360.12351679012363,12.804428761357748,10.985396242211475,1.229387385977214,0.9916655481913909,137.40776740639998,0.7668700296355929,1.1455314110497836e+20,0.6289655206589873,2.8723347813204243,0.1517897240842435
418,rl_dataset_delta_sampling_maxloop=2_grid_51_preprocessed/trajectory_0204.json,204,21,9.325380747453238,8.31081006051861,1.8727134258289606,0.4440657498787256,78573.25338133957,0.6824075657653251,0.7238566042648971,215.11787942948325,7.430394216483334,3.694603931824045,4.038472659599049,438.82725049382725,12.669568179499876,10.86919068392773,1.2222000410775722,0.9876030008777548,138.41537496347158,0.7654570328977818,1.1408780516209943e+20,0.636245127916847,2.886404822739561,0.15320932735484225
419,rl_dataset_delta_sampling_maxloop=2_grid_51_preprocessed/trajectory_0480.json,480,21,9.323900984403851,8.366388011964043,1.9248219914690903,0.44399528497161195,79252.72421562418,0.6823394610648605,0.7585509966229472,214.7659997227982,7.430395602454253,3.687054963722529,3.9784296145763935,380.3087219753088,12.684954098711263,10.839223016310244,1.2263047203645892,0.9872814604476038,137.55122394141333,0.7659625345336684,1.1465582379008806e+20,0.6303486044135029,2.8785299736552314,0.15270361337417018
420,rl_dataset_delta_sampling_maxloop=2_grid_51_preprocessed/trajectory_0349.json,349,21,9.323513677086229,8.307088028985573,2.037708423595574,0.44397684176601093,79203.34748946474,0.6812808701851235,0.7605492407893563,213.84122694988667,7.430396274497535,3.655764715082015,3.9894054060175748,445.247003580247,12.66106123876415,10.8690624871098,1.219853609428358,0.9893576005205817,137.95409431026727,0.7669363964028891,1.1432959798004769e+20,0.6341932824424626,2.8765340120446976,0.15208817138940847
421,rl_dataset_delta_sampling_maxloop=2_grid_51_preprocessed/trajectory_0344.json,344,21,9.319542634174693,8.244576837007097,2.2105478285898745,0.4437877444845092,79105.01174798123,0.681924730946954,0.7407172210262474,212.94439154361538,7.430380833780717,3.6768414942961236,4.192980701024176,410.6790823456791,12.65392862086249,10.870235898276603,1.223861060293768,0.9916044249490014,138.59662062528375,0.7674412792663317,1.144855675621111e+20,0.6355452588577287,2.8934473203854245,0.15134989765361698
422,rl_dataset_delta_sampling_maxloop=2_grid_51_preprocessed/trajectory_0439.json,439,21,9.31553716997006,8.326874365741471,2.23033644882583,0.4435970080938124,80308.78884292029,0.6813775527108639,0.7595941052621624,219.15166647587372,7.430394899247777,3.638766824268886,4.014548446437833,400.43216876543227,12.75499388980577,10.888116468346475,1.2309255026321908,0.9914644517936229,137.3003009358408,0.7679591455050564,1.146894927626109e+20,0.6325631484103881,2.883238544985617,0.1512624660201605
423,rl_dataset_delta_sampling_maxloop=2_grid_51_preprocessed/trajectory_0316.json,316,21,9.313903604636616,8.309869559688886,2.083060281479744,0.4435192192684103,79099.8706546661,0.6820250219780554,0.7369608281363194,214.7148738883751,7.430389717825519,3.670766712562758,3.9214470525416867,321.4815314814815,12.647407054850177,10.843121031564879,1.2221556823158828,0.9867100656908764,138.49378314307307,0.7671479742272971,1.1425015369921367e+20,0.6509902552568584,2.717457339339137,0.15179257058861859
424,rl_dataset_delta_sampling_maxloop=2_grid_51_preprocessed/trajectory_0163.json,163,21,9.286782463278477,8.256664490216561,2.233618417347019,0.4422277363465942,79163.92306480254,0.6810437619688838,0.7430169140433821,218.1971071857194,7.430393412415431,3.636500318310516,4.114753779170903,375.55561555555573,12.67112679435382,10.875723882764781,1.232113258808272,0.9916540946510555,138.147185351319,0.7678323832583068,1.1470470322310228e+20,0.6307091324261771,2.8868925397408054,0.15139390200405214
425,rl_dataset_delta_sampling_maxloop=2_grid_51_preprocessed/trajectory_0083.json,83,21,9.274984142782685,8.302207171318257,2.234367473521441,0.44166591156108026,80091.07935633267,0.6809853379956919,0.7606132881096377,219.87989120276242,7.43039356942041,3.6194598303905146,3.8532908688088825,345.1852351851854,12.755945661643935,10.911406124484822,1.2343744325290822,0.9903789391555446,137.03257427316967,0.767179096116883,1.1466950057941569e+20,0.6334663207363547,2.8736838881582423,0.15144274417417602
426,rl_dataset_delta_sampling_maxloop=2_grid_51_preprocessed/trajectory_0240.json,240,21,9.270951862571629,8.308589862273456,1.854826725125862,0.4414738982176966,78412.32736353035,0.6829967528770362,0.7417569730548614,213.22370219992766,7.430395197626876,3.7120733806268404,4.133764807925085,330.6790623456792,12.681028897274416,10.860987047941236,1.2223332374336886,0.9848696069114888,138.43721503719058,0.7660356428457232,1.1452348693945038e+20,0.6309761145686265,2.8916299052897,0.15258044242248625
427,rl_dataset_delta_sampling_maxloop=2_grid_51_preprocessed/trajectory_0563.json,563,21,9.269535275577153,8.321631001900101,2.1635162831714405,0.44140644169415016,79133.53750087865,0.6819780907136164,0.7431896235989206,221.47098620134807,7.430393389076038,3.646893156539232,3.9132310290343524,255.67903234567922,12.770600183088826,10.856996770865567,1.243068769171461,0.9902329926716941,137.95795363543368,0.7681571554312004,1.1511431346556309e+20,0.6354678271369318,2.8925871899182676,0.1512980288804466
428,rl_dataset_delta_sampling_maxloop=2_grid_51_preprocessed/trajectory_0185.json,185,21,9.251677002281845,8.287752789335892,2.09808402087016,0.4405560477277069,79082.04047581443,0.6814476716086139,0.7431420164159378,215.76977195114765,7.4303946914412675,3.644937230627262,3.9092603373175683,380.67908234567915,12.601419167621772,10.79402694737645,1.228661820150404,0.9918912995149758,138.4580661030707,0.7667150856640107,1.1465600987776415e+20,0.6385944197044072,2.8926941000854365,0.15202342717733025
429,rl_dataset_delta_sampling_maxloop=2_grid_51_preprocessed/trajectory_0433.json,433,21,9.249169930137306,8.320520416061195,2.183243530182943,0.4404366633398717,80008.568743612,0.6808318371309592,0.7609241383697412,225.50565039905908,7.430396513546433,3.605381878245806,3.831925617704888,240.43211876543236,12.837101598830827,10.940390194098672,1.2487771137288672,0.9958265136721328,137.1213735917079,0.7673553884225379,1.1517448063545914e+20,0.6329339017438884,2.883211276041739,0.15152366547456322
430,rl_dataset_delta_sampling_maxloop=2_grid_51_preprocessed/trajectory_0105.json,105,21,9.248851072847938,8.313864893568365,2.174998233415735,0.4404214796594256,79551.88659808849,0.6808724943472096,0.7585049439235476,215.70925770892717,7.4303889791418465,3.624850850509059,3.8778950396197613,260.24694358024715,12.761522309376053,10.86475728474739,1.2293230648564342,0.9904921013367808,137.02696240795774,0.7665348503580306,1.1490596867532223e+20,0.6341913991927287,2.8759385689251316,0.152363862614632
431,rl_dataset_delta_sampling_maxloop=2_grid_51_preprocessed/trajectory_0217.json,217,21,9.245297456188156,8.320720474990605,2.0009189461944494,0.44025225981848365,79419.6235929096,0.683345892965516,0.7612817828021348,220.61810263815892,7.430395686811938,3.6796091035015035,3.9100241870573536,420.3087219753088,12.694470603958548,10.801175297600828,1.2409505629995121,0.9950760322167133,137.26452152645027,0.7673387039467457,1.1520191696176038e+20,0.6323075898979708,2.8786137388904494,0.15152079096943588
432,rl_dataset_delta_sampling_maxloop=2_grid_51_preprocessed/trajectory_0511.json,511,21,9.242873017166374,8.259264443439218,2.3493272691962126,0.4401368103412559,80450.97313107274,0.6809719539095855,0.7599388393283495,223.86020969720047,7.430391749102453,3.620641070813309,3.8788779858963656,390.1235267901236,12.76288457308219,10.904606908479122,1.2448631587997527,0.9958896646388155,137.16826951211974,0.7675599700515731,1.1506346582635432e+20,0.6264701505559501,2.8722329405283977,0.15125066482697433
433,rl_dataset_delta_sampling_maxloop=2_grid_51_preprocessed/trajectory_0570.json,570,21,9.240189815434611,8.25412396334078,1.6118634504694758,0.4400090388302196,78667.99388359058,0.6830034592081452,0.7523112915378852,212.8841057002363,7.430390023944372,3.720729287253896,3.981963023199859,419.8148948148149,12.734439610664584,10.915563460948242,1.216661106136342,0.9855033502680316,137.89630278596155,0.7655296109269045,1.1409643154301187e+20,0.8009676879702138,2.8613122572689917,0.15287170028162092
434,rl_dataset_delta_sampling_maxloop=2_grid_51_preprocessed/trajectory_0270.json,270,21,9.234909180948573,8.269832833684934,1.8789117868168084,0.4397575800451702,78321.91673172232,0.6830745398537516,0.7257701236637593,211.17281965200692,7.430391430397904,3.7195355448836747,4.021383342712963,273.88892888888915,12.61973132650659,10.8187552932499,1.2180777415031387,0.9854444468636206,137.99092742283742,0.7643650756568352,1.1447862491923998e+20,0.7451319626430658,2.8278567280235816,0.1538004218569308
435,rl_dataset_delta_sampling_maxloop=2_grid_51_preprocessed/trajectory_0167.json,167,21,9.231092355151922,8.222701101828838,2.237367517158524,0.43957582643580584,78931.90673430778,0.6805919487283005,0.7418087686893166,216.47512513829372,7.430392139223166,3.6196247954809393,3.893879882583427,400.67908234567915,12.772093717407193,10.923081053778558,1.2256396562055527,0.9904677446412775,138.62271310741647,0.767445244673376,1.14512203759203e+20,0.63304744380401,2.8935728184612493,0.1515505868688267
436,rl_dataset_delta_sampling_maxloop=2_grid_51_preprocessed/trajectory_0573.json,573,21,9.218958885748364,8.247877099065935,1.9775115031710992,0.43899804217849353,79302.61650994355,0.6814141204216382,0.750896349395936,212.65747667563258,7.4303921748536474,3.650321806145404,3.928031415413211,380.1852551851853,12.656847771440807,10.837291115296747,1.2217011581550992,0.9913519268733287,137.47599172541723,0.7662041753512802,1.1437530768606301e+20,0.6269719988087536,2.873048733135396,0.15223969766367404
437,rl_dataset_delta_sampling_maxloop=2_grid_51_preprocessed/trajectory_0183.json,183,21,9.218825408712636,8.25452415078204,1.8826993351765962,0.43899168612917316,79172.04486590195,0.6821232255393127,0.7378233841626387,219.03287090155072,7.43039046464209,3.6663310185567695,3.9527526418831855,376.4815414814815,12.732213153664565,10.896829603738475,1.2310688730991326,0.9900300216345271,138.3845975079207,0.7671378141300337,1.1446599686944716e+20,0.680242260867664,2.717300765354146,0.1517490205399281
438,rl_dataset_delta_sampling_maxloop=2_grid_51_preprocessed/trajectory_0229.json,229,21,9.213407390333078,8.21415560592976,2.193750129440809,0.4387336852539561,78854.44490189069,0.6814450950645428,0.7431765566158695,215.53180431744033,7.430392907946823,3.6482411248842648,3.954896272073724,255.55557555555578,12.844752853932906,10.950233771710657,1.2261480756838634,0.9894500590652916,138.1229246195024,0.767369974320931,1.144435790072096e+20,0.6336806014688676,2.888621569503049,0.15162946241129535
439,rl_dataset_delta_sampling_maxloop=2_grid_51_preprocessed/trajectory_0074.json,74,21,9.205019613781403,8.226212898120998,1.9429632368187493,0.4383342673229239,78917.63527935407,0.6826406404858074,0.7492996343234326,212.2864097634849,7.430396475314676,3.699003562226878,4.022467475455456,239.69137802469157,12.67520366070412,10.825287144928108,1.2220550179045857,0.9868937775315905,137.69883847152752,0.7655218284830171,1.146993178383436e+20,0.8284004910153934,2.856495162149987,0.15284837151602923
440,rl_dataset_delta_sampling_maxloop=2_grid_51_preprocessed/trajectory_0161.json,161,21,9.201580965136449,8.23398677317048,2.1368307632421875,0.4381705221493547,79646.01610855381,0.6813648151900568,0.7573171072297182,216.26333783595038,7.430392110148872,3.65249979322743,3.9889458916033145,340.12350679012366,12.693807056760376,10.888947140489677,1.2256479644185994,0.9886814457092232,137.39256889397166,0.766260396119501,1.1449158451764352e+20,0.6289648971653194,2.8723257325863822,0.15206864112742158
441,rl_dataset_delta_sampling_maxloop=2_grid_51_preprocessed/trajectory_0331.json,331,21,9.196805433961876,8.21730941970091,2.1544254417929287,0.43794311590294643,79078.51116583085,0.6821678057578561,0.7374843331281516,221.96473072537725,7.430394047840838,3.6559875932742876,4.099848539850512,440.8642775308643,12.703153987962239,10.891814713699764,1.2408933172329792,0.993032159032782,138.17318671454697,0.7680241082268026,1.1491305202839663e+20,0.6349775250035421,2.6989852286584073,0.1511061064877729
442,rl_dataset_delta_sampling_maxloop=2_grid_51_preprocessed/trajectory_0596.json,596,21,9.19376534800639,8.230945492433513,1.9906948074195567,0.4377983499050662,79822.92224317545,0.6818359674538841,0.759064759690435,219.14880934759418,7.43039241466416,3.656378343641936,3.91039530695713,245.43211876543236,12.754809749814083,10.926449223235272,1.2352967876786007,0.9900221440300414,137.36958921730667,0.7677761084265344,1.1479091388505447e+20,0.632560494727691,2.8832847522391165,0.15147968657483407
443,rl_dataset_delta_sampling_maxloop=2_grid_51_preprocessed/trajectory_0069.json,69,21,9.181136621660091,8.231210130167845,2.12892719141783,0.43719698198381385,79313.83025693326,0.6813889941401481,0.7529088018102285,214.537767616878,7.430394134516734,3.652072803012131,3.9885969558863867,260.1234867901237,12.605044962125959,10.837100468696475,1.2272953671413012,0.9913946597398784,137.6624691486755,0.7662551878255949,1.1475028995274038e+20,0.6316666496167498,2.8723498873052495,0.152260988967332
444,rl_dataset_delta_sampling_maxloop=2_grid_51_preprocessed/trajectory_0119.json,119,21,9.178856365115157,8.18891673768758,1.9471729189231155,0.437088398338817,78705.8945955502,0.6818514737446612,0.7403679739323055,213.66775350209338,7.430394600863321,3.669490066228589,3.962561785419677,320.6790623456792,12.832193072759395,10.972509930940863,1.2205484872516268,0.9889089217019064,138.41972683371046,0.7665706535275172,1.1434961061327448e+20,0.6330468761254485,2.893401851033386,0.15206726908497578
445,rl_dataset_delta_sampling_maxloop=2_grid_51_preprocessed/trajectory_0358.json,358,21,9.178721880578484,8.172252858333675,2.237167019714008,0.43708199431326117,79613.87175810608,0.6804546108006966,0.7562537824867219,217.23498671390195,7.430395440280616,3.6175329417225472,3.90590669593897,430.246993580247,12.816997614223373,10.973590930570198,1.228285921822419,0.991364759778365,137.2968925683385,0.7675391650096374,1.1461661751772827e+20,0.6265180393894066,2.8751286530347775,0.1515864089174687
446,rl_dataset_delta_sampling_maxloop=2_grid_51_preprocessed/trajectory_0266.json,266,21,9.172660800756049,8.232671365057072,2.1360752056594743,0.43679337146457375,79823.55304595432,0.6808560622961116,0.7582990486224092,218.0701693757568,7.430395937062713,3.6247377163304044,3.8282788561870706,280.2469535802471,12.704309271045176,10.837960903734341,1.2346616840950235,0.9888758502693227,137.24017612491812,0.7671742219467941,1.1491996594577488e+20,0.6325556704463835,2.876163487318038,0.15193290413884422
447,rl_dataset_delta_sampling_maxloop=2_grid_51_preprocessed/trajectory_0581.json,581,21,9.171885118210456,8.21243058962128,1.9376297864631,0.4367564342004979,79259.99998814256,0.6817154155063347,0.750540751048931,211.67597439776222,7.430393424731008,3.6640325048030005,3.864462317022575,390.18525518518527,12.610645972834433,10.82821099001895,1.2196444670308406,0.9875016745126907,137.3412844867788,0.7656833217361728,1.1456245542448382e+20,0.6323944634618214,2.874478250953981,0.15232609439892394
448,rl_dataset_delta_sampling_maxloop=2_grid_51_preprocessed/trajectory_0178.json,178,21,9.16171147817381,8.172733045508894,2.28778966455661,0.4362719751511338,80513.67161575942,0.6810523339845747,0.7511292290281847,223.0880583760526,7.4303920350826065,3.628957932719391,3.9654403850650866,365.1852451851853,12.739455733874193,10.905356798053187,1.2432484275928242,0.9950773906162839,137.1629433173706,0.7675551789640412,1.1510277879656774e+20,0.6613248471250787,2.7908775855234675,0.15119753018691975
449,rl_dataset_delta_sampling_maxloop=2_grid_51_preprocessed/trajectory_0234.json,234,21,9.15390229443734,8.201515467926557,2.1532859507131823,0.435900109258921,79916.969245601,0.6813785057828114,0.7563184121507437,215.5863855077115,7.430391784055138,3.6483851886618437,3.940193333078643,330.18523518518543,12.696573965349707,10.886961272496576,1.2302419975066947,0.9880016122285881,137.0072531093891,0.7672823401366394,1.1489472336583198e+20,0.6289959890736351,2.874340775797877,0.15183656562864464
450,rl_dataset_delta_sampling_maxloop=2_grid_51_preprocessed/trajectory_0200.json,200,21,9.138834659305257,8.199120279286651,2.089756737452417,0.43518260282405985,79041.34339482,0.6811000903037524,0.7432882353433231,219.74186076990213,7.430397060170366,3.62608577688821,3.834186386038613,410.67908234567915,12.674144352069861,10.826755874904666,1.2363117014357259,0.9927669884872635,138.09197802212492,0.7672620261843478,1.1492262455307128e+20,0.6355447232106146,2.8932036041543374,0.1516819998862898
451,rl_dataset_delta_sampling_maxloop=2_grid_51_preprocessed/trajectory_0527.json,527,21,9.130643129077688,8.180702508306668,1.5992660634859015,0.43479252995608036,78833.06251219394,0.6828108280850967,0.7496064236728748,212.73953405445485,7.430392361087872,3.7063783717467675,4.054538648304412,324.6296796296298,12.615789019144426,10.85044539342931,1.2176936646689325,0.9889872413943271,137.9235124918419,0.7656181309241162,1.1419322418059292e+20,0.8464462365012535,2.8546214305073385,0.15303721894824227
452,rl_dataset_delta_sampling_maxloop=2_grid_51_preprocessed/trajectory_0150.json,150,21,9.12731613048151,8.17490910383882,2.077723347107905,0.4346341014515005,79178.7924959323,0.6821677039260842,0.7450799522915051,214.33218982608807,7.430390693774098,3.6815755644140475,3.9788649249260106,300.5555955555558,12.684242171506616,10.881478774526862,1.2244248322035085,0.9884699148273871,138.0696473680578,0.7660309934584384,1.1471377064794043e+20,0.6377614725976496,2.8877942003354584,0.1520456858858524
453,rl_dataset_delta_sampling_maxloop=2_grid_51_preprocessed/trajectory_0304.json,304,21,9.126262680490923,8.188933906302314,2.0759321232400314,0.43458393716623445,78939.21631089505,0.6824834063375287,0.7413844895419978,216.59210437193636,7.430392303054442,3.690013300149558,3.922368898996338,210.67902234567924,12.703364592567427,10.881389920254284,1.226799211370315,0.9891796913829755,138.32046471290062,0.7656243693343433,1.1479006165740424e+20,0.6389742192838083,2.8933392099427944,0.15251742034374724
454,rl_dataset_delta_sampling_maxloop=2_grid_51_preprocessed/trajectory_0403.json,403,21,9.121313344640843,8.14567582533184,2.001023547780955,0.4343482545067068,78902.49218244772,0.682151754762289,0.7285567869506832,214.05945513495342,7.430393866093861,3.680190802538432,3.96028653187573,258.95064728395084,12.702964694528593,10.836262645623853,1.2269642913190997,0.9877068226710938,137.47505714991271,0.7649219826642805,1.1490835424484676e+20,0.746533340393357,2.8299331991874266,0.15305875058453225
455,rl_dataset_delta_sampling_maxloop=2_grid_51_preprocessed/trajectory_0294.json,294,21,9.11293531474801,8.089270257634539,1.6404238853682502,0.43394930070228616,78848.2637282578,0.6817734485254807,0.7260875490378362,212.42841751107812,7.430393685604291,3.6774419505129705,4.13421798524996,403.88895888888896,12.603698025486246,10.852528609306795,1.2185289541732536,0.9900964276665962,137.9013343134808,0.7664762891856727,1.143130440260552e+20,0.7451337178699714,2.8277773719781143,0.15250276665494691
456,rl_dataset_delta_sampling_maxloop=2_grid_51_preprocessed/trajectory_0461.json,461,21,9.104812914793492,8.177407406938604,2.211739781958528,0.43356251975207105,80126.22503065111,0.6803672423753581,0.7605825993650583,225.45940924584193,7.430397496219425,3.5953095363332404,3.809767027796715,245.00002000000023,12.775634740336221,10.89433020139437,1.250562541961998,0.9966129582284975,137.12564423837617,0.7668060892491996,1.1538454464699022e+20,0.6314062010787335,2.866898931274196,0.15164930338018204
457,rl_dataset_delta_sampling_maxloop=2_grid_51_preprocessed/trajectory_0152.json,152,21,9.099283982043739,8.125817167159541,1.6066758339491494,0.43329923724017805,78499.28843273845,0.6821690332167902,0.7454665822530895,212.78214660636078,7.430391603320591,3.692402169713732,3.99564208427361,324.5679512345681,12.735287301341451,10.916805948715167,1.2181495287076634,0.9855610651848795,138.00268809723744,0.7656517194420281,1.1409195361713216e+20,0.7979761576754963,2.852172839326159,0.1529239249742342
458,rl_dataset_delta_sampling_maxloop=2_grid_51_preprocessed/trajectory_0546.json,546,21,9.098263036536734,8.16841605083128,1.785699490171881,0.4332506207874635,78720.92836242198,0.6832786328490321,0.7524252397503558,212.13177807355774,7.43039178587518,3.7224158333907953,4.052713763223944,259.81484481481505,12.609760626502723,10.80602577282008,1.2192765246755903,0.9871933608726794,137.69753100773548,0.7649174906722994,1.1454722506345303e+20,0.8214728317446004,2.8611783279184277,0.1531438249911036
459,rl_dataset_delta_sampling_maxloop=2_grid_51_preprocessed/trajectory_0107.json,107,21,9.091575142837835,8.10561195265751,2.100451498167183,0.4329321496589445,79681.76756775852,0.6835060410198583,0.7409850538602004,214.93565450846222,7.430392504080333,3.715876963160564,4.1219543532934395,395.67908234567915,12.626267380534767,10.827123934394402,1.2232048380675653,0.990196012523152,137.71263970630739,0.7677787156181326,1.144645070584865e+20,0.6330514080397348,2.8930020669881142,0.15120380746093878
460,rl_dataset_delta_sampling_maxloop=2_grid_51_preprocessed/trajectory_0559.json,559,21,9.070746103703094,8.154234068573185,2.113627595279507,0.43194029065252826,79237.16323370417,0.6810528281509572,0.7574602183401026,214.2564130258468,7.430394044876929,3.636405400746539,3.8610350280968784,280.3086819753089,12.646514035561902,10.815815883415247,1.2255615189487528,0.9906003259492037,137.82369184682938,0.765659262716971,1.1477877802371901e+20,0.634914686526255,2.879418623158189,0.15249133597954528
461,rl_dataset_delta_sampling_maxloop=2_grid_51_preprocessed/trajectory_0032.json,32,21,9.07010675299471,8.13578929084046,1.7662113649482138,0.43190984538070043,79013.8274631008,0.6812066027100128,0.7424382628863923,217.00741105376605,7.430384981086032,3.641968252350204,3.9382827767838684,305.61732395061745,12.906384373063872,11.007055603202648,1.2287491121374978,0.9881660644062372,137.9560663486753,0.7668998556161829,1.1442261929442243e+20,0.6311939493445545,2.8890622358481806,0.15192748903679862
462,rl_dataset_delta_sampling_maxloop=2_grid_51_preprocessed/trajectory_0073.json,73,21,9.061237005209701,8.075505529784033,1.6681735647332303,0.4314874764385572,78525.83062713279,0.6817651755500599,0.729381469989825,213.5061025665534,7.4303975448040145,3.6716702930061516,3.9969185780838803,449.0124356790124,12.640044366321641,10.867820709624606,1.2184147096267597,0.9885049624760788,138.0741696965651,0.766259123335102,1.1418461655895679e+20,0.7584677436781871,2.8322755591998763,0.1528818332089372
463,rl_dataset_delta_sampling_maxloop=2_grid_51_preprocessed/trajectory_0443.json,443,21,9.047355813899303,8.051414969824291,2.1261093774439725,0.43082646732853824,78854.14277639572,0.6806435365022288,0.7416262282959692,212.72453147419526,7.430393413367165,3.623039763016952,3.9046449272562933,405.6790823456791,12.856682043291192,10.980778549964215,1.2204541249971737,0.9895696441925361,138.18218438733282,0.76797090481806,1.1443788781999256e+20,0.6354232230411518,2.8932617616730636,0.15150138734018054
464,rl_dataset_delta_sampling_maxloop=2_grid_51_preprocessed/trajectory_0128.json,128,21,9.03719002536191,8.062419513638899,1.655042612647376,0.43034238216009096,78588.23301465137,0.6818940223972891,0.7288494561263357,213.77408835575653,7.430393890774463,3.675714651312016,3.987675102477696,448.9507072839507,12.68101810780705,10.894087249474325,1.2188724204969785,0.9878105147474958,137.89032911333524,0.7660191462664537,1.1428953872035965e+20,0.7454123905121731,2.8301558331774475,0.15297264985993084
465,rl_dataset_delta_sampling_maxloop=2_grid_51_preprocessed/trajectory_0139.json,139,21,9.029721622271694,8.055703325573399,2.2183606374741593,0.4299867439176997,80078.31753697437,0.682534507227811,0.7367495554625543,224.84471685663402,7.430395349393418,3.6637671144579436,3.9817889685681767,406.48155148148146,12.755402794141068,10.927185418715869,1.2489279259932715,0.9961287998467568,138.01225471006487,0.7688136775148348,1.1526815432541304e+20,0.6802434574356325,2.717086685760896,0.15051747233462695
466,rl_dataset_delta_sampling_maxloop=2_grid_51_preprocessed/trajectory_0432.json,432,21,9.021567814901982,8.075207542341674,1.8454542764441113,0.4295984673762848,79002.99041411038,0.6819423146106605,0.7467393465851416,212.06435214053687,7.430389848712831,3.673722513932467,3.913574671312851,284.6296696296298,12.603028411623365,10.840246645331366,1.2204309133840232,0.9874006278469599,137.417919218349,0.7658039548164749,1.1452033059395171e+20,0.8280713246169226,2.8542910216771507,0.15266373183331605
467,rl_dataset_delta_sampling_maxloop=2_grid_51_preprocessed/trajectory_0156.json,156,21,9.018495452505782,8.065096252047482,1.669718924492611,0.42945216440503725,79558.3121374725,0.6843066842023844,0.7506674453131449,220.62911793141282,7.430391645338483,3.733891437463664,4.1797472017446164,434.75316641975326,12.628333794831784,10.869532374114149,1.2369130310208283,0.9929498467766302,137.36714019439637,0.7681416109072354,1.1483677263511218e+20,0.7940494352043987,2.858702657989643,0.151387063464144
468,rl_dataset_delta_sampling_maxloop=2_grid_51_preprocessed/trajectory_0329.json,329,21,9.016917203894604,8.041618196133275,2.0481729618699247,0.42937700970926684,79242.80447693974,0.6821926191897031,0.7523778125453358,216.5697693690315,7.430396657007044,3.6658266797612926,4.159869129591608,450.1852751851852,12.534086469859956,10.789361425893487,1.2286912701251964,0.9906730249172581,137.3964674719047,0.7674066227398405,1.1470076583674303e+20,0.6334654234063265,2.8738595366980992,0.1514993007304404
469,rl_dataset_delta_sampling_maxloop=2_grid_51_preprocessed/trajectory_0411.json,411,21,9.011032275301627,8.132348394719003,1.8895042185285602,0.42909677501436316,78853.28685180018,0.6842747477929009,0.7606292204531677,218.4483046215508,7.430394912491931,3.7133891253736064,4.056161683308159,300.30867197530887,12.742359887542262,10.813351962744656,1.235983676835712,0.9938625711475434,136.91248697486114,0.7677781379928446,1.1508668858346602e+20,0.6266675674004223,2.8771704385761647,0.15159643525398722
470,rl_dataset_delta_sampling_maxloop=2_grid_51_preprocessed/trajectory_0023.json,23,21,9.007609013566508,8.0741636136155,2.003014078430552,0.42893376255078614,79982.40607521815,0.6828414656198277,0.7596831307909956,217.1122453600617,7.430388506742592,3.687800090006473,4.038521747445064,380.1235267901236,12.818853894515156,10.975471445652255,1.228806446772906,0.9917991501088527,137.0342135113772,0.7670862076340316,1.145303050741749e+20,0.6261810821450118,2.870383895051084,0.15169966544648222
471,rl_dataset_delta_sampling_maxloop=2_grid_51_preprocessed/trajectory_0535.json,535,21,9.00442622506143,8.09055026602132,2.046194802187159,0.4287822011934014,80205.71783270333,0.6807507784791427,0.7614885447957197,218.36992642547816,7.4303970069815275,3.6165098360896955,3.9055660638334504,325.3086919753089,12.677827959943478,10.846268563807815,1.2320412399610792,0.9923236465149173,137.11232445985732,0.767669942631371,1.1467895394679803e+20,0.6319556899746729,2.8786086283387062,0.15152578651960258
472,rl_dataset_delta_sampling_maxloop=2_grid_51_preprocessed/trajectory_0592.json,592,21,8.967999893556483,8.008247604162106,2.3333767948072834,0.42704761397888014,80491.25803449887,0.6803111387604412,0.751969606149537,220.68237542140426,7.430390934967309,3.5996578277594486,3.8322534055239434,445.247003580247,12.721198595422427,10.8341609000077,1.2414384500594933,0.9975585571511114,137.1445624428018,0.7673293752963618,1.1520899011683244e+20,0.6304111361761169,2.876736589211582,0.15105333903877993
473,rl_dataset_delta_sampling_maxloop=2_grid_51_preprocessed/trajectory_0220.json,220,21,8.954667272865734,8.044241869253337,1.779078099593148,0.42641272727932067,79012.51905404696,0.6825936874344245,0.7528949067188864,214.15854207953785,7.430394643179328,3.6950727677192523,4.016431226395598,319.7531364197533,12.660683828793957,10.849940967774128,1.2211982041421046,0.9874468939056459,137.6528658370326,0.7655744257112996,1.1462486389994593e+20,0.8249890528111556,2.8582149906822707,0.1528169091450785
474,rl_dataset_delta_sampling_maxloop=2_grid_51_preprocessed/trajectory_0397.json,397,21,8.950442882825577,8.002597815348382,2.05992744113497,0.426211565848837,79383.97647758448,0.6815777375097933,0.7408803244080211,216.83429723530583,7.430393237326948,3.6577251060883205,3.9813169652719784,340.6790623456792,12.703921761003725,10.894773786960995,1.2262309926778585,0.9891826205393566,138.09455053473428,0.7664952607355425,1.1450977435719582e+20,0.6330491882192582,2.8932461120204453,0.15169622848165182
475,rl_dataset_delta_sampling_maxloop=2_grid_51_preprocessed/trajectory_0232.json,232,21,8.948733224546649,8.026040010133553,2.120638906327465,0.4261301535498404,79903.12739420297,0.6803211093196785,0.7422138614133476,219.6767357590825,7.430394643950269,3.5979396976404274,3.8723511934023023,375.6790723456792,12.774880264654854,10.91185043926239,1.236897561263643,0.9897991742957676,137.72627100462645,0.7674030269500277,1.1506335755822519e+20,0.6355447464263545,2.8929808523858083,0.15118529510232118
476,rl_dataset_delta_sampling_maxloop=2_grid_51_preprocessed/trajectory_0351.json,351,21,8.935954026185215,7.965567083079743,1.9419586349378568,0.42552162029453405,79265.20128917987,0.6837985795383789,0.7428174532341231,217.869777906546,7.430392111361839,3.714355294163171,4.169260717640873,380.5556155555557,12.728370538321624,10.941187870321341,1.2341770710643927,0.9945499172087625,138.0668889884064,0.7689959479446311,1.1494808416938164e+20,0.6297408396232536,2.8868344050685883,0.15088628788841774
477,rl_dataset_delta_sampling_maxloop=2_grid_51_preprocessed/trajectory_0137.json,137,21,8.935743100080904,7.9848744745621625,1.8644001425708976,0.4255115761943288,79085.5896864051,0.6805233158543809,0.7407559186839507,219.80856883571786,7.430396977077947,3.6140663088865486,3.867068356567053,300.6790523456792,12.72634830074664,10.884187328960554,1.234038296955986,0.9891014115447466,138.2510285086597,0.7674441579781383,1.1457347299194452e+20,0.6354255545318828,2.8932994158364043,0.1514147795353001
478,rl_dataset_delta_sampling_maxloop=2_grid_51_preprocessed/trajectory_0243.json,243,21,8.924485166573673,7.967545830834787,2.1667049398558316,0.42497548412255587,79572.24701605203,0.6802033161189551,0.7433554962367867,218.90547069611938,7.430394887839072,3.599822297748663,3.793216007712037,335.6173339506174,12.875035048800536,10.998051187094653,1.2344225926968606,0.9922375498085578,137.93003058637703,0.7680316605733924,1.1472219896635995e+20,0.631303985936954,2.890022913778559,0.15115752036364594
479,rl_dataset_delta_sampling_maxloop=2_grid_51_preprocessed/trajectory_0342.json,342,21,8.913429638837021,7.9899702224615385,1.673960107134105,0.42444903042081056,78558.38976252693,0.6844366746160485,0.7489749673739131,216.90007616252447,7.430393308852149,3.740841015382929,4.071862444877762,414.6914380246915,12.577976864859288,10.842470670529995,1.2281494481421706,0.988905091212613,137.42113347481055,0.7662917552271061,1.1442186141095654e+20,0.7952002667294766,2.8548541558514424,0.1524363283526818
480,rl_dataset_delta_sampling_maxloop=2_grid_51_preprocessed/trajectory_0080.json,80,21,8.887036761808934,7.97918389055166,2.027220401020966,0.4231922267528064,79453.13055813765,0.6810045491841868,0.7418224371939799,219.78298216897076,7.4303927398543115,3.627860529457303,3.8741587856621464,235.67903234567922,12.63594681179918,10.821456961911506,1.2361746320981553,0.9925493381814409,138.01273824988084,0.7668189869448993,1.1490521795697366e+20,0.6389897581135855,2.892358923239701,0.15173106828216623
481,rl_dataset_delta_sampling_maxloop=2_grid_51_preprocessed/trajectory_0577.json,577,21,8.885519861027186,7.905907078722241,2.215353856130762,0.42311999338224693,79793.97112345102,0.680934953347227,0.7260887330532823,218.68050418316744,7.430395910961689,3.625259713936656,3.8707459715484682,398.88895888888896,12.663999462308647,10.851672188627347,1.231270874367616,0.9913539354321843,137.84390496237148,0.7673823562832739,1.1454561589514093e+20,0.6342852387381723,2.8884559885713443,0.1514927584933298
482,rl_dataset_delta_sampling_maxloop=2_grid_51_preprocessed/trajectory_0159.json,159,21,8.869111409843654,7.93455435379272,2.23713018751522,0.4223386385639835,80701.1693450672,0.6813022859228544,0.7595483566845492,222.64509331257838,7.430391654652443,3.6196370700194342,3.9396292622788045,435.18526518518536,12.779716921063834,10.913579284031597,1.242835007692982,0.9940608234249511,136.6035382450489,0.7687281267250833,1.1505203043990245e+20,0.6334655094905496,2.873406730780797,0.15054837815066036
483,rl_dataset_delta_sampling_maxloop=2_grid_51_preprocessed/trajectory_0261.json,261,21,8.840352400151263,7.877144812688627,1.5701084634939735,0.4209691619119649,78873.0840542386,0.6816273912208739,0.7535951391450414,212.20302320835995,7.43039433642643,3.6672112216661303,3.9819207610928897,399.8766132098767,12.751042295939246,10.918557269899,1.2160522730640586,0.9870653120779886,137.89381743849282,0.7669614882608059,1.1413175960751856e+20,0.8051881201319464,2.8634445272100195,0.15225788703342175
484,rl_dataset_delta_sampling_maxloop=2_grid_51_preprocessed/trajectory_0305.json,305,21,8.839990904189069,7.909491677798059,1.8966828957534898,0.4209519478185271,79310.70891580314,0.680706140113007,0.7399844441672262,217.82891975219644,7.430392928544897,3.623593857896709,3.849471673394528,260.67904234567925,12.716111944917344,10.85693450045084,1.2292996263008265,0.9910210347590598,138.23982924266014,0.7668448632005473,1.1469118930907457e+20,0.6355421241111646,2.8933126878396176,0.15159244427443855
485,rl_dataset_delta_sampling_maxloop=2_grid_51_preprocessed/trajectory_0027.json,27,21,8.838630337513049,7.891084774148053,1.8290378013488549,0.4208871589291928,79384.01391019137,0.6813730911948346,0.7548461273562188,215.25985556552337,7.430392765565278,3.648668447276982,3.9367723577279414,399.87662320987664,12.623871076578343,10.81991609381414,1.2248624650044198,0.9901333803166019,137.8819154955847,0.7662243482986643,1.1446964491926063e+20,0.8477704376315899,2.8633722085382507,0.1521370866153732
486,rl_dataset_delta_sampling_maxloop=2_grid_51_preprocessed/trajectory_0400.json,400,21,8.82974275842194,7.9531758354880475,1.8346970030729814,0.4204639408772352,79979.8974764457,0.6801955159135626,0.75325633539333,218.49858752038884,7.43039147110454,3.59856232815259,3.840624236215774,275.30867197530887,12.738113298236307,10.886126225872045,1.2341760418041734,0.9929009024223754,137.01283216036643,0.7670156652791998,1.1503511102983868e+20,0.632309640505065,2.878519314966866,0.15164350908049706
487,rl_dataset_delta_sampling_maxloop=2_grid_51_preprocessed/trajectory_0179.json,179,21,8.8188672720593,7.886026172111377,1.8617228459461084,0.4199460605742524,79050.01684937796,0.6843018364899179,0.7573902059661569,215.90423429780085,7.430391834171165,3.7318372773740216,4.09371876200614,381.9753786419755,12.671684527223167,10.770682907046385,1.2270543587007803,0.9900467560119569,136.8806698067204,0.7678100571740701,1.1474607862049328e+20,0.6646205363409402,2.7951182259066347,0.15129108619038487
488,rl_dataset_delta_sampling_maxloop=2_grid_51_preprocessed/trajectory_0354.json,354,21,8.818170569007043,7.875506557662253,2.2115324504232174,0.4199128842384306,80611.03207180525,0.6797670920423345,0.7533636232785617,220.59751339122107,7.430392972605281,3.5762684113033854,3.8598260005686438,400.3704403703705,12.733530221980955,10.89327555495656,1.237154173330883,0.9941393605586356,137.05684173518787,0.7683926446077436,1.1485452408961955e+20,0.6325038006368856,2.8807483156751785,0.1507263127410994
489,rl_dataset_delta_sampling_maxloop=2_grid_51_preprocessed/trajectory_0424.json,424,21,8.807423825692487,7.8845420790665255,1.5665845020295008,0.41940113455678507,78791.22680155758,0.6821309031715678,0.7493033132100005,211.92946625156867,7.43038937838058,3.6819233147101866,3.9929981237208265,239.69137802469163,12.790043150444903,10.938285897234694,1.2170814103301766,0.9872479036265744,137.62086206730228,0.7656350139234481,1.143638387396458e+20,0.8283379001154396,2.8551431534055642,0.15281743005992066
490,rl_dataset_delta_sampling_maxloop=2_grid_51_preprocessed/trajectory_0238.json,238,21,8.801197440996336,7.889252355305168,1.9625487350596758,0.4191046400474446,79774.62080512739,0.681187788753523,0.7376936822608278,219.5051033187264,7.430394193447487,3.633430504981133,3.9307128614424323,396.48155148148146,12.748143520937244,10.901997386411846,1.232552355227719,0.9908759642371241,137.8918439083298,0.7680816030773903,1.1471736223791219e+20,0.650938632791011,2.7169433197125668,0.15122330449516103
491,rl_dataset_delta_sampling_maxloop=2_grid_51_preprocessed/trajectory_0561.json,561,21,8.791532849197296,7.897850956704433,2.1984166094815816,0.4186444213903474,80759.08292001003,0.6812547596975909,0.7601578232530619,223.55778880842266,7.430391483594245,3.6146304446071063,3.8035820436676375,415.3087219753088,12.730723829408461,10.86232630406162,1.2454668158789195,0.9953823955583871,136.70348524956384,0.7682909000152615,1.1527513510912203e+20,0.6349464597145557,2.8780007733054904,0.1508658170225185
492,rl_dataset_delta_sampling_maxloop=2_grid_51_preprocessed/trajectory_0155.json,155,21,8.786846586907702,7.771414422265948,1.9450322686594979,0.4184212660432239,79638.96715427698,0.6804443099877472,0.7386748449195212,214.70627233979715,7.430395144369665,3.6267969166590857,4.148075528052861,399.32105765432107,12.752439416727823,10.922915795282046,1.2277483568619598,0.9939455301943014,137.27358824223788,0.7677257390081925,1.1465794087620008e+20,0.7803341421205752,2.843068956174311,0.15144700328310348
493,rl_dataset_delta_sampling_maxloop=2_grid_51_preprocessed/trajectory_0075.json,75,21,8.768819155641312,7.83687912229604,2.18996796321777,0.41756281693530056,80639.80179544757,0.6810649076955094,0.7516671817480323,224.54829367230357,7.4303911550251565,3.6082041794436095,3.9989433597479596,340.1852351851853,12.93239451681916,10.992541484443455,1.248981644212924,0.994830035182153,136.18749250285902,0.7703887571875163,1.1525514788723186e+20,0.6334656726405952,2.8731510426451012,0.1499648166602208
494,rl_dataset_delta_sampling_maxloop=2_grid_51_preprocessed/trajectory_0345.json,345,21,8.762179773131642,7.860140969471649,1.9840746164987533,0.41724665586341153,80723.80370852884,0.6835928894287536,0.7580863473658358,220.741651017226,7.430380249138088,3.6943241803505655,3.9346910157928874,430.3087319753088,12.665280323819964,10.865010192624153,1.239598930271903,0.9928849916889165,136.43744234638785,0.7686445994581809,1.1504383005921133e+20,0.6308894749011889,2.876841921165575,0.15071933944605226
495,rl_dataset_delta_sampling_maxloop=2_grid_51_preprocessed/trajectory_0534.json,534,21,8.750377791843107,7.869365568686268,2.0605872863080874,0.41668465675443367,80358.54709830465,0.6800815661085159,0.7577175544514279,221.6811388143647,7.430394596698984,3.5885936181990523,3.8697366117823195,320.2469635802471,12.877078784796337,10.94169465130348,1.2419842600518376,0.9905476141536095,136.9036912320053,0.7674692797283792,1.1495857778766936e+20,0.6311345017057993,2.8760564722476665,0.1513293502541301
496,rl_dataset_delta_sampling_maxloop=2_grid_51_preprocessed/trajectory_0082.json,82,21,8.737666672275616,7.743398795330788,1.91114661403772,0.4160793653464579,79891.52423121707,0.6807706794670852,0.7481800925464017,217.34165081304727,7.430394198068925,3.630210417260488,4.074581737724258,399.6296996296297,12.694561335672148,10.910149979647207,1.2324209497545522,0.9937077830794805,137.24998501937256,0.7685026389443176,1.1490571186776633e+20,0.7748042996687866,2.854149875963666,0.15115351954581394
497,rl_dataset_delta_sampling_maxloop=2_grid_51_preprocessed/trajectory_0287.json,287,21,8.73529417089143,7.876719460929615,2.089255740496686,0.4159663890900681,80516.14145260416,0.6811465949803578,0.7586013139173604,224.9187838991172,7.430394024558298,3.6147095800731894,3.947045580291867,220.061738395062,12.7457074468473,10.878000841252476,1.2486717460086907,0.9970028779632819,136.37934557833978,0.7679889614579646,1.1557609268195864e+20,0.6282750466503616,2.869430208748706,0.15082722124472783
498,rl_dataset_delta_sampling_maxloop=2_grid_51_preprocessed/trajectory_0355.json,355,21,8.728224104199116,7.813322302988993,1.6202474474972732,0.41562971924757697,79048.80461057505,0.6814788137616438,0.7269225189192379,215.98309283121995,7.4303956770507895,3.6592381531933253,3.9282307965352694,298.8889288888891,12.847423509454277,10.962062418965296,1.226945973820253,0.9873224056117204,137.3744431113879,0.7659420337356603,1.1469834464036343e+20,0.738985777502735,2.827746496476254,0.152692423262956
499,rl_dataset_delta_sampling_maxloop=2_grid_51_preprocessed/trajectory_0542.json,542,21,8.6726431706157,7.74564123456386,1.7859142292052523,0.4129830081245571,79793.99468114304,0.6812794836190339,0.7234588325577429,218.00086959656286,7.430387584263983,3.635438380480579,3.914771309213026,422.34575901234575,12.65729617877682,10.853684753942243,1.230510330036382,0.991377352886273,137.59919310655505,0.768593215888698,1.1454523351884702e+20,0.672426222925039,2.7443527136173307,0.15056407494706214
500,rl_dataset_delta_sampling_maxloop=2_grid_51_preprocessed/trajectory_0117.json,117,21,8.66341146209428,7.762548569097839,2.067617190020449,0.4125434029568704,79912.11658720266,0.6806071226796466,0.7411098249500357,220.98928284017487,7.430385028419461,3.6111810439495815,3.8864748903599287,370.6790723456792,12.721744265376318,10.890037380546422,1.23713677129923,0.9922790708468686,137.30762631612492,0.7676583751425786,1.1469185166095509e+20,0.6664857339998028,2.808661612335847,0.15109097225366064
501,rl_dataset_delta_sampling_maxloop=2_grid_51_preprocessed/trajectory_0531.json,531,21,8.657413984067626,7.761712254304551,2.088942241509299,0.412257808765125,79927.32957463751,0.680111742840205,0.7617472926691086,219.74377994195953,7.43039338282191,3.5825522295105685,3.7934561383987764,275.6790423456793,12.9105384529897,10.977785812731929,1.2363054076930522,0.990758859310157,137.68868293141202,0.7685031557133685,1.148420046211843e+20,0.6344101793895395,2.892285526537794,0.15061015491388952
502,rl_dataset_delta_sampling_maxloop=2_grid_51_preprocessed/trajectory_0478.json,478,21,8.657282116883758,7.721874955225715,1.6148946277349099,0.41225152937541704,78819.04814852872,0.6814068434898422,0.7255713064027411,213.74205853943252,7.430387289488793,3.6606537434258937,3.987790428915615,323.888938888889,12.829031764282632,10.97444547405328,1.2207476428181248,0.9868309141931099,137.31120890933371,0.765792178984579,1.1422108281771252e+20,0.7411222234066506,2.8276458985570656,0.1526907886844129
503,rl_dataset_delta_sampling_maxloop=2_grid_51_preprocessed/trajectory_0141.json,141,21,8.64522216161925,7.786471325474016,1.8048856377804214,0.41167724579139287,80038.67538845133,0.6800979340886413,0.753673887894039,217.23119502822445,7.430391626975344,3.5953218659848156,3.8181065967770818,245.3086619753089,12.765365440024476,10.885502496850982,1.234399888093446,0.9895099475278648,136.71157842115886,0.7666406700824107,1.1513097061482617e+20,0.6349342903067692,2.8780297716370353,0.15158851970577594
504,rl_dataset_delta_sampling_maxloop=2_grid_51_preprocessed/trajectory_0350.json,350,21,8.626250054440412,7.775508709271539,1.8179812664226263,0.4107738121162101,79706.08144945334,0.682144125325553,0.7424652564504315,226.54282220028847,7.430395014033822,3.63915206457113,3.8373373300760116,440.6790923456791,12.833501807761612,10.966748538693222,1.2547716453883893,0.9981305748184961,137.84311614550236,0.7681421092386401,1.1550488608420643e+20,0.6389909380273355,2.892284223249049,0.15075675589771947
505,rl_dataset_delta_sampling_maxloop=2_grid_51_preprocessed/trajectory_0263.json,263,21,8.622460485291265,7.695280433219562,1.8787762437701958,0.4105933564424412,79146.65763644579,0.680424932848491,0.7411081783414769,217.01310974595256,7.4303946256817,3.612734143130428,3.9732929444867873,340.6790623456792,12.87245101560638,10.985156176363285,1.2281038201737782,0.990217241296763,138.09928408027753,0.7675317290164797,1.1451998597307792e+20,0.6330504465694871,2.893204238330413,0.15124214126733926
506,rl_dataset_delta_sampling_maxloop=2_grid_51_preprocessed/trajectory_0399.json,399,21,8.61749324618547,7.735251100056008,1.7923711465110646,0.41035682124692713,79266.79655781551,0.6841176629776479,0.7544255162467495,220.60031443168637,7.430394828640618,3.712998289837363,4.118393797360852,376.7901834567903,12.784321722554795,10.92474920161249,1.2393844381439552,0.9944713655363054,136.8160635825345,0.7689669736663526,1.1501618549132522e+20,0.6564487664939865,2.791103744219243,0.150896028194579
507,rl_dataset_delta_sampling_maxloop=2_grid_51_preprocessed/trajectory_0417.json,417,21,8.589730096576343,7.697236961852755,2.195747515982952,0.40903476650363535,81203.75724290928,0.6808544221195636,0.7601203923926804,224.21155300733892,7.430394253864656,3.6044180293683556,3.902322016870355,370.12351679012363,12.76043441951373,10.896125052832282,1.2459710046691295,0.9969860562473539,136.42358594821224,0.7682494954074602,1.1518960156836127e+20,0.6327565514972721,2.8710269882331687,0.1503566145323772
508,rl_dataset_delta_sampling_maxloop=2_grid_51_preprocessed/trajectory_0101.json,101,21,8.584112616773664,7.678976151510884,2.1435982934709124,0.4087672674654126,80374.66314527868,0.6793431167318025,0.7597585805604065,219.45368012761875,7.430394956967767,3.5687692913666282,3.7813235054171606,335.0000500000002,12.832853665013753,10.948005861809376,1.2375460553625262,0.991685075877483,136.50917846034932,0.7679658116610698,1.1499363310967656e+20,0.6313826714814754,2.8664654195634305,0.1509852316558948
509,rl_dataset_delta_sampling_maxloop=2_grid_51_preprocessed/trajectory_0401.json,401,21,8.582843694002827,7.651402084446312,1.9171486370972362,0.4087068425715632,79621.5135160234,0.680254090522096,0.7232393062940403,216.10452619258606,7.430394764818873,3.6101595281304286,3.888436533826994,395.49389716049393,12.768195271916348,10.926553599794522,1.2256801329656255,0.9901445612830236,137.21510755721158,0.7670030965256908,1.144841701331197e+20,0.6328491224289947,2.885879773012098,0.1520711241916163
510,rl_dataset_delta_sampling_maxloop=2_grid_51_preprocessed/trajectory_0299.json,299,21,8.574954926901619,7.724413143647233,1.6475016953896124,0.4083311869953152,78791.67067141336,0.6815301285141692,0.743435950732657,213.06278557664336,7.430390532452881,3.6561548705819567,3.9501320791859778,240.6173039506175,12.68764953579224,10.834724170338214,1.2242401863467653,0.9866116989978586,136.99440840466974,0.765800824433502,1.147901945984218e+20,0.7449220437838937,2.829734944201983,0.15255576646997046
511,rl_dataset_delta_sampling_maxloop=2_grid_51_preprocessed/trajectory_0028.json,28,21,8.56463748585878,7.696063764275323,2.1164668534659024,0.40783988027898954,80878.91962360007,0.6817113339375634,0.7537935809505519,225.49888933231915,7.430395668861648,3.6206976621621427,3.8939958628801348,255.18520518518542,12.734414894751396,10.865312704656585,1.2503209520033136,0.9965533976095314,136.37704007168776,0.7694085880733219,1.1543900421089201e+20,0.631039081858694,2.8734181093724906,0.1499929703057142
512,rl_dataset_delta_sampling_maxloop=2_grid_51_preprocessed/trajectory_0586.json,586,21,8.550578727015104,7.6756039070601165,1.9683116825106683,0.4071704155721478,80785.47888147309,0.6819782666456411,0.7588950133295134,226.75053454732492,7.430393891259586,3.626770221254324,3.8725947259745066,450.1852651851853,12.757941259288163,10.884344093660204,1.2532515147240468,0.9981722807884587,136.6705931300233,0.7705180769027277,1.1550460442737403e+20,0.6306868176943659,2.873565278627552,0.14970190567938776
513,rl_dataset_delta_sampling_maxloop=2_grid_51_preprocessed/trajectory_0198.json,198,21,8.523361002926663,7.621972268328598,2.0294598054046684,0.40587433347269825,80306.21084032416,0.6799688093957527,0.7363866984877933,225.52214184161315,7.43039285806111,3.5848310026126837,3.8569368090289875,246.4815014814816,12.837646115923159,10.948407080585344,1.2489845308860155,0.9955450559660836,137.87109295101325,0.7685338400741143,1.1523041018792321e+20,0.651291948583612,2.7169228811553796,0.15035209921090165
514,rl_dataset_delta_sampling_maxloop=2_grid_51_preprocessed/trajectory_0493.json,493,21,8.507338653933523,7.626140988795456,2.0877931416886915,0.4051113644730249,79544.3744916679,0.6796994195911054,0.7428172059947256,217.53245300139523,7.4303942647771635,3.577277636142284,3.862566778971273,255.55558555555578,12.777470639732313,10.864154827041068,1.2359173179657776,0.9910290816376164,137.58110034629297,0.7675425990374282,1.1513947979874841e+20,0.6370997519564643,2.888220346831636,0.1514019627020324
515,rl_dataset_delta_sampling_maxloop=2_grid_51_preprocessed/trajectory_0367.json,367,21,8.505980631517476,7.586884078022478,2.0870494786475007,0.4050466967389274,80457.4757655108,0.6792466946379008,0.756133721293218,223.31982618106142,7.430378123940159,3.566072627302454,3.8851778612125134,435.43217876543224,12.889957720793593,11.01630174756828,1.2419619405206144,0.9948932017844774,136.95551130185683,0.7684539875051949,1.1499763249370679e+20,0.636504751453688,2.88275874121452,0.15061552203350126
516,rl_dataset_delta_sampling_maxloop=2_grid_51_preprocessed/trajectory_0226.json,226,21,8.479161376977471,7.558147930003626,1.9012313253768285,0.40376958937987956,79499.14081922748,0.6799278039684709,0.7414174988730968,215.86998887561668,7.430394218727367,3.595458955234558,3.920847258981738,395.67908234567915,12.810626470888188,10.956994380470913,1.2240609650826644,0.9916491458503257,138.37607715016716,0.768231579006409,1.1450464138989866e+20,0.6330493600724336,2.8934320412453194,0.15093250120692028
517,rl_dataset_delta_sampling_maxloop=2_grid_51_preprocessed/trajectory_0473.json,473,21,8.428214996781588,7.485390824767567,1.8844405903842156,0.40134357127531367,79979.56835359147,0.6801802848501929,0.7479704587507934,218.6257456832255,7.430394144964239,3.6039074036754606,3.959492998461822,399.6296996296297,12.731456831213531,10.913989488515579,1.2291649735715695,0.9927296347162189,137.07730595688062,0.7681229491346694,1.1470843683956903e+20,0.8052964030344227,2.8524409135594606,0.15112407687899435
518,rl_dataset_delta_sampling_maxloop=2_grid_51_preprocessed/trajectory_0047.json,47,21,8.40873946715042,7.527995627527685,1.4952236650032438,0.40041616510240097,79503.12612216755,0.6809680183081235,0.7536015624940395,216.91721288746945,7.430387983526315,3.6368109706853455,3.922921197082595,449.8149048148149,12.871254636710715,11.023496675051216,1.227809963396529,0.9903784173501694,136.90064555142652,0.7671062659559656,1.1461555424522315e+20,0.8019694151969012,2.8574610033728978,0.151788050210722
519,rl_dataset_delta_sampling_maxloop=2_grid_51_preprocessed/trajectory_0418.json,418,21,8.393078250811463,7.5713238495223045,2.080695376673586,0.399670392895784,81076.49375419627,0.6792113952429525,0.7578563054781553,227.33145178114444,7.430393709039321,3.539959331761776,3.768063729962324,220.3086519753089,12.970482473197112,10.99906716759843,1.253848841093136,0.9984938660835638,136.49441068840486,0.7683822373316503,1.1543926169338194e+20,0.6323149362032157,2.8781528195636548,0.15040744044531426
520,rl_dataset_delta_sampling_maxloop=2_grid_51_preprocessed/trajectory_0323.json,323,21,8.381924578916335,7.5010731637507275,1.8886910456915436,0.3991392656626826,80089.63240414279,0.6791397990022218,0.758153628365494,217.45797804551478,7.430391828525972,3.56334492023303,3.824611056006916,420.3704503703705,12.790632826697175,10.925794536426654,1.230245645358239,0.993003641412118,136.99560432104573,0.7682954415035902,1.1469329574705185e+20,0.6294537159946596,2.8812353853109878,0.15088202688851307
521,rl_dataset_delta_sampling_maxloop=2_grid_51_preprocessed/trajectory_0186.json,186,21,8.370871448131629,7.557528537560309,2.0319192308361393,0.3986129261015061,80426.12019539237,0.6803080787861813,0.7613880095804306,223.42756097717793,7.430392781173875,3.596310166955559,3.892069330871898,210.3703803703706,12.811509157302474,10.902198095049538,1.2484825937613093,0.9944824545995029,136.72593347109452,0.7672256698241182,1.1564864951148141e+20,0.6335277799478031,2.8805362871551825,0.15139358075899847
522,rl_dataset_delta_sampling_maxloop=2_grid_51_preprocessed/trajectory_0384.json,384,21,8.368583218569952,7.423993946905856,2.0375622544255254,0.3985039627890454,80516.59187249854,0.6835584133570106,0.7561591376042188,219.9126997188057,7.4303888870900465,3.7067627327271144,4.277431265714668,435.06181839506183,12.588833810374302,10.800976448165125,1.2373647089669413,0.9976458273880574,136.78015289153893,0.7686708479502714,1.150749682400897e+20,0.6260064388532859,2.8679951226266245,0.15001881545373155
523,rl_dataset_delta_sampling_maxloop=2_grid_51_preprocessed/trajectory_0440.json,440,21,8.363351040355521,7.464489205232883,2.2725647147540946,0.398254811445501,79909.5973962436,0.6830573888687131,0.7429310165151891,221.8016420949541,7.430393768920865,3.6579417107039194,3.9962088191461236,380.5556155555557,12.583591509204371,10.78946844608749,1.242961066486863,0.9943181292346864,137.3583575626759,0.7697711827870707,1.1514718501796702e+20,0.6377649618095115,2.8873411604164856,0.14979482506786543
524,rl_dataset_delta_sampling_maxloop=2_grid_51_preprocessed/trajectory_0483.json,483,21,8.301335255163185,7.468919276514559,2.097235039372743,0.3953016788172945,81407.92928972877,0.6807569993780616,0.7529423236002246,228.0170273520005,7.430395473446416,3.585812449036849,3.7952575980965175,265.1852151851854,12.854644592620616,10.942861437278177,1.2551353079354475,0.9973931867121655,136.37014079161867,0.7695899201110713,1.1540324390583029e+20,0.6295276394011695,2.8732749743248363,0.14967632915833276
525,rl_dataset_delta_sampling_maxloop=2_grid_51_preprocessed/trajectory_0560.json,560,21,8.296975463534208,7.4383245133249245,2.15767003923572,0.39509406969210514,81154.20709716181,0.6816137283929401,0.7404404190518192,225.41029915662617,7.43039407116624,3.6066740026730875,3.8738497807466876,350.6790623456792,12.784229835966883,10.9084828991089,1.2523468810498297,0.9980322594473586,136.97728002097583,0.7701033361880817,1.156811527834134e+20,0.6330650229719608,2.89173898691612,0.14932666388811486
526,rl_dataset_delta_sampling_maxloop=2_grid_51_preprocessed/trajectory_0209.json,209,21,8.294718342766839,7.441618413813275,1.4794371308319798,0.3949865877508018,79552.42339993095,0.6813009476608993,0.7540956824770665,217.96335196215364,7.4303951297616795,3.635452856819277,3.890013473919962,359.81487481481497,12.819276205789965,10.952640074102728,1.2320212678008424,0.9892011599885321,136.97380974101148,0.7673613242705793,1.1471214667462513e+20,0.8017904819825373,2.860041150984002,0.15161825709103913
527,rl_dataset_delta_sampling_maxloop=2_grid_51_preprocessed/trajectory_0056.json,56,21,8.284765861391856,7.398240260894369,1.9479312021046353,0.39451266006627883,79649.84364441178,0.679568528045766,0.741850712942164,220.82430989255272,7.430394004984565,3.580679629027368,3.8360544290244527,437.34575901234575,12.73867066787524,10.887306309491647,1.236399592151749,0.9917560033541605,137.13826003027836,0.7679650009393898,1.1466819093901027e+20,0.6761199590189606,2.743981905935005,0.1510003339371344
528,rl_dataset_delta_sampling_maxloop=2_grid_51_preprocessed/trajectory_0445.json,445,21,8.267468139482265,7.387281947649213,1.8106554303284124,0.39368895902296497,79605.15283319016,0.6794998736111357,0.7411151299472246,218.27675817337823,7.430387637490327,3.5731536161752513,3.8530402837159072,425.6790923456791,12.899121990370924,11.010351900576929,1.2318182931558652,0.9927406340081507,137.73360778796163,0.7681811067390569,1.1464206025454523e+20,0.6323143740895277,2.8912371633724456,0.15078463340924106
529,rl_dataset_delta_sampling_maxloop=2_grid_51_preprocessed/trajectory_0079.json,79,21,8.257004128141887,7.433699928859611,1.463658835976464,0.39319067276866126,80125.86251000864,0.6825919895816531,0.7506729702964611,224.17188277164345,7.430388611145844,3.657856097510767,3.9392701855985797,314.7531264197533,12.70661715288611,10.874856603116399,1.2484169235568146,0.997327222338918,136.65012152007074,0.7688312428305636,1.1534424754917445e+20,0.7990898089185549,2.858351447526992,0.1507167138137475
530,rl_dataset_delta_sampling_maxloop=2_grid_51_preprocessed/trajectory_0428.json,428,21,8.254448545985849,7.395377048916211,2.1382524843746693,0.3930689783802785,81784.82638443535,0.679995729273224,0.7600924262523537,225.19348963729098,7.430395617988024,3.5629531481280736,3.8967655843819826,400.37044037037055,12.763590628534581,10.910726606352332,1.2500432231432597,0.9976211732475566,136.13664460705616,0.7698355418951778,1.1537199763722165e+20,0.6356980557212841,2.880152275502366,0.14960480698328557
531,rl_dataset_delta_sampling_maxloop=2_grid_51_preprocessed/trajectory_0103.json,103,21,8.249567332190479,7.389698823227616,1.7203707766122904,0.39283653962811804,80125.69150154832,0.6808585462206423,0.7499369992278497,216.33071520148093,7.430394318633143,3.625879546046507,3.928953311586782,339.69140802469155,12.68798445597152,10.87687903988367,1.2253892591457745,0.9902549034641283,136.98640384999084,0.7671501185553056,1.14698450317396e+20,0.8020217892956737,2.8563157900346234,0.1512132847051176
532,rl_dataset_delta_sampling_maxloop=2_grid_51_preprocessed/trajectory_0280.json,280,21,8.218451891080072,7.400801729470442,1.8394404894021368,0.3913548519561939,80611.14172762567,0.6802382482794361,0.7576830043521553,227.18707456611565,7.430392278912855,3.5904536189781133,3.889606576268759,240.18520518518528,12.867631511895281,10.942268823980307,1.2542015920189726,0.9967864313811607,136.8182155132828,0.768001338626637,1.15496667994529e+20,0.6295224893502399,2.87357027128771,0.15102537164914234
533,rl_dataset_delta_sampling_maxloop=2_grid_51_preprocessed/trajectory_0318.json,318,21,8.189807818488502,7.312415675493336,1.8171333579327669,0.3899908484994525,80071.81504003578,0.6802561412426489,0.747234056699227,217.3804852344408,7.430392994582462,3.6116372197755484,3.8687378181752248,379.6296996296297,12.76098552357473,10.890918088292468,1.2300462098158504,0.9919339513808837,136.6884087351346,0.7672736384164893,1.1467461819112204e+20,0.8014654817450074,2.8522398471393835,0.1514092186128255
534,rl_dataset_delta_sampling_maxloop=2_grid_51_preprocessed/trajectory_0088.json,88,21,8.18974373254583,7.3408177813728805,1.7102982490971568,0.3899877967878967,80157.81731614484,0.6804498665755035,0.748090648034781,222.46424131295953,7.43038856584959,3.6094893500986833,3.827590382651449,244.62964962962985,12.728930531356951,10.87581249754225,1.2420286196201304,0.9937690716308563,137.05514185964083,0.766799197505804,1.1506466951980358e+20,0.8297796230266246,2.8541680630062736,0.1514148648633662
535,rl_dataset_delta_sampling_maxloop=2_grid_51_preprocessed/trajectory_0515.json,515,21,8.187474885460658,7.329509003010432,1.83742737574663,0.3898797564505075,80245.06879392284,0.6790091667670242,0.7578610335042274,217.15898412500286,7.43039102844175,3.5602767943059797,3.9109277458894582,360.1852451851854,12.693019628740645,10.831973759056224,1.2311537628989202,0.9929868334821373,136.85067539128974,0.7679994838079508,1.1473158660626278e+20,0.6272150461429848,2.873534169668212,0.15083708405877586
536,rl_dataset_delta_sampling_maxloop=2_grid_51_preprocessed/trajectory_0410.json,410,21,8.183953091502909,7.310267778839742,1.7514440581034993,0.389712051976329,80269.6417921606,0.6793200758134731,0.750300493161072,220.88651814074206,7.430391246215878,3.567527022473741,3.8334467527713825,439.6914380246915,12.736944141358665,10.900147485124341,1.2368947099880325,0.9924815888343969,136.8628491475217,0.7685602445515333,1.147372592622048e+20,0.7977262379404035,2.856242226267657,0.15078983353918243
537,rl_dataset_delta_sampling_maxloop=2_grid_51_preprocessed/trajectory_0281.json,281,21,8.16151844785122,7.293917491484386,1.8146927406373377,0.38864373561196286,79720.77258648496,0.6791640290235835,0.7410660444253973,217.4462834768171,7.430394840807376,3.5618099725347667,3.8320696158503083,365.6790723456792,12.778990544544131,10.9236318776847,1.2302477176020006,0.9919334552850364,137.90964773194744,0.768428682401158,1.1472841722917465e+20,0.6389982550311081,2.892333898381113,0.15064974340177886
538,rl_dataset_delta_sampling_maxloop=2_grid_51_preprocessed/trajectory_0014.json,14,21,8.148904061729413,7.246261495177629,2.101254217639192,0.38804305055854343,80208.79914732956,0.6806261974062034,0.7395418036971994,222.60029810102634,7.430392735702663,3.591912029171974,3.9207898912447967,435.67909234567907,12.82012992291163,10.954918234878603,1.2406623136989876,0.9949012837152068,137.716364977588,0.7696420470133144,1.1504946637691008e+20,0.6389901358451956,2.892229235788417,0.14968439874855935
539,rl_dataset_delta_sampling_maxloop=2_grid_51_preprocessed/trajectory_0548.json,548,21,8.137442840001855,7.2942252487371135,2.0167342471851297,0.3874972780953264,80683.75104173126,0.6788621556098438,0.7581654813429187,224.27674599302068,7.430389262544383,3.547067635741418,3.7630449600956952,280.00003000000027,12.81411860198805,10.903018214504035,1.2468855048883734,0.9930741582205928,136.26000738550394,0.7681027127445598,1.1519880004963487e+20,0.6265137680029791,2.867107534577027,0.15053505669727377
540,rl_dataset_delta_sampling_maxloop=2_grid_51_preprocessed/trajectory_0490.json,490,21,8.126485208565647,7.254754255160903,1.8796897620085435,0.3869754861221737,80308.41101324944,0.6791385574464441,0.753090026804748,217.43470859762098,7.430377420082465,3.5639304249590573,3.8430215351817267,420.1235367901236,12.58776808411896,10.796717965959143,1.2301446375036988,0.9934011818935007,136.89571868404266,0.7680987036253016,1.1465960525603697e+20,0.6289671686336323,2.872055031644436,0.15066674599042307
541,rl_dataset_delta_sampling_maxloop=2_grid_51_preprocessed/trajectory_0298.json,298,21,8.109917952941542,7.243066956487178,2.066247064670815,0.38618656918769245,80351.4748414215,0.6788084139642984,0.7411600671385575,221.1293445365723,7.430394732311328,3.542291782628154,3.777305070841507,325.6173339506174,12.884117719837004,10.961540694077637,1.2420004102941888,0.9924804698330231,137.25684863303877,0.7690238770934648,1.1510759173180395e+20,0.638366595938255,2.88961856553144,0.15019041453505763
542,rl_dataset_delta_sampling_maxloop=2_grid_51_preprocessed/trajectory_0113.json,113,21,8.104938394047485,7.251323960600376,1.513934054441382,0.38594944733559455,79842.23644047292,0.6802107161613897,0.7415855659197655,218.20753965388778,7.430381065875795,3.604260076688819,3.9274196504830594,375.6790723456792,12.639971271104892,10.831769768182857,1.2306885129812448,0.9928196453959703,137.85694964757505,0.768156243241517,1.1464882185820186e+20,0.6732894692981167,2.7362823478803944,0.1508587604575088
543,rl_dataset_delta_sampling_maxloop=2_grid_51_preprocessed/trajectory_0010.json,10,21,8.100329197217524,7.2821143568722055,2.090951130428367,0.38572996177226304,81482.38516351518,0.6790820364018736,0.7590721968772202,226.02148489426725,7.4303925942285955,3.5407895486779832,3.7829057993787774,310.2469535802471,12.974780419217929,11.009872408124595,1.252944737004483,0.9979195895426416,136.23242699494284,0.7686137672285858,1.15622883170476e+20,0.634193500545228,2.8756494702283835,0.14994234672665854
544,rl_dataset_delta_sampling_maxloop=2_grid_51_preprocessed/trajectory_0264.json,264,21,8.076372679444866,7.222169013398204,2.0725201609036104,0.38458917521166025,80197.66337194742,0.6790243777886874,0.7411446655799979,224.56233219434066,7.430392499570247,3.5392142370140784,3.8023517382120784,405.61735395061737,12.874409457085488,10.966567122411014,1.245803392570521,0.9964189162747928,137.50078819532789,0.7687386776983095,1.1516324499020392e+20,0.6391103227680195,2.89044529386095,0.15013929687550956
545,rl_dataset_delta_sampling_maxloop=2_grid_51_preprocessed/trajectory_0339.json,339,21,8.065218810054072,7.228737518277336,1.7681708427845628,0.3840580385740034,80246.32878991161,0.6798837843537348,0.7489001668400043,217.6320558359028,7.4303912586332,3.5917357565362935,3.9076513932878623,374.62968962962975,12.695240159971235,10.853009263457373,1.228563700626127,0.9914444484114516,136.75138851181143,0.7677200003864253,1.1485344748733245e+20,0.8011183224209704,2.853191355713838,0.15111088885024002
546,rl_dataset_delta_sampling_maxloop=2_grid_51_preprocessed/trajectory_0307.json,307,21,8.055382041621774,7.235850560939498,1.844792426097794,0.3835896210296083,81169.65589990496,0.6800317066591741,0.7577308542287828,225.30949538453729,7.430393271813437,3.5671697322329776,3.8222289653469947,340.12350679012366,12.751186868523622,10.87332207132339,1.2504169110512007,0.9958264803403156,136.00130456577392,0.7699588442834036,1.1554681654000345e+20,0.6327523914502857,2.870706078829057,0.1495448295435211
547,rl_dataset_delta_sampling_maxloop=2_grid_51_preprocessed/trajectory_0332.json,332,21,8.038597586871973,7.185486092012108,1.889813767720786,0.38279036127961774,81051.49529891709,0.6796253055213309,0.7293524422414183,222.67291440605916,7.430380392628063,3.5679224332176798,3.8199575146836926,373.95067728395077,12.745525067177745,10.901247064385721,1.2426890373874724,0.9947970184495591,136.47475002159607,0.7681475917526135,1.1513386901432041e+20,0.7454148063734681,2.829398754167457,0.1506567006096913
548,rl_dataset_delta_sampling_maxloop=2_grid_51_preprocessed/trajectory_0276.json,276,21,8.028470707816892,7.194191648090358,1.4873581492057733,0.3823081289436615,79999.41977606021,0.6801295239494262,0.7471312452989423,218.33612438260232,7.4303934556236,3.5930049673762485,3.853996863016263,324.6296796296298,12.831541870748062,10.95323887351,1.2326108458599467,0.9916981772806542,137.08733464498295,0.7683454904070386,1.1469240519344048e+20,0.7962890822982971,2.8540374188225788,0.1510583545459383
549,rl_dataset_delta_sampling_maxloop=2_grid_51_preprocessed/trajectory_0406.json,406,21,8.02576718498415,7.204303296907209,1.5305133740887147,0.38217938976115,80635.40749386746,0.6808214672758,0.737515384590711,223.46110403283095,7.430392945713587,3.618294639212149,3.866195771233603,419.32106765432104,12.798735117321518,10.92343958717203,1.243736458304126,0.9949507984637715,136.79399438208762,0.7675877712305552,1.1510755143238382e+20,0.7966114247199424,2.8427273709502727,0.15119685408634218
550,rl_dataset_delta_sampling_maxloop=2_grid_51_preprocessed/trajectory_0244.json,244,21,8.022633818559925,7.210062870063548,1.8402014251598586,0.38203018183618687,80745.47881308093,0.6794369478436779,0.7555941389276378,219.69146310556394,7.430391267611509,3.5652481202410873,3.8097578570181203,300.1234967901237,12.73744492709999,10.87458534827755,1.2404605871409877,0.9932119097541604,136.52436603222608,0.7679197123653146,1.1539385121314614e+20,0.6327631105792093,2.871060717959551,0.15051051922975023
551,rl_dataset_delta_sampling_maxloop=2_grid_51_preprocessed/trajectory_0321.json,321,21,7.994373287435539,7.192480280503827,1.775265215933915,0.3806844422588352,80741.95439927997,0.6791709728158397,0.757274651292984,224.34158017128334,7.430392292585848,3.5408663749751987,3.774523599814386,415.24698358024705,12.787425119646628,10.911107273696347,1.245872521287965,0.9953694517017969,136.25555988417648,0.7686295699880411,1.152216344660911e+20,0.6341948349211013,2.8754397008629913,0.1501901679561151
552,rl_dataset_delta_sampling_maxloop=2_grid_51_preprocessed/trajectory_0301.json,301,21,7.976397983923702,7.1506487807672725,2.1421991335835227,0.3798284754249382,81055.72050019895,0.6788699584361811,0.7568890438897502,227.48268790747503,7.43039696539694,3.5244309211972435,3.8120623625950527,330.0617783950619,12.786575803334603,10.88534620951611,1.2563414375159858,0.9993278222657846,135.96662662385972,0.7693625789762581,1.1564268573028893e+20,0.6272939820970415,2.869186840967643,0.14963419756268934
553,rl_dataset_delta_sampling_maxloop=2_grid_51_preprocessed/trajectory_0310.json,310,21,7.950507923402257,7.149364985217762,1.9656387772733017,0.37859561540010744,81083.56196087052,0.6781780598081137,0.7600987315468075,225.59351766876625,7.430390253490049,3.517192520173047,3.7487731746620057,255.30866197530895,12.82904363666608,10.902702920220925,1.2500714283885555,0.9954028557856544,136.04724648751605,0.7686905609486745,1.1541788930240075e+20,0.6349689097813094,2.8777451716994005,0.15003720880907107
554,rl_dataset_delta_sampling_maxloop=2_grid_51_preprocessed/trajectory_0170.json,170,21,7.9400936379227876,7.118349621051553,2.1174014710330145,0.37809969704394225,81270.36953749025,0.6783368297330347,0.7596826791404371,226.35348265743846,7.430390309899796,3.517892981294104,3.742035396685783,400.00007000000016,12.889685958025142,10.975186928971832,1.2521365577279329,0.9991606285217761,136.3332608286918,0.7689642156547416,1.155239532930206e+20,0.6276271317744514,2.8663737543258185,0.15005951678267612
555,rl_dataset_delta_sampling_maxloop=2_grid_51_preprocessed/trajectory_0334.json,334,21,7.930203560418129,7.125363175007873,1.7708334161222667,0.3776287409722919,80282.60215774339,0.6796362790446473,0.726352917118904,218.25166873320484,7.43039409041053,3.577912807200454,3.8363391456593963,343.888938888889,12.736025154644848,10.876131719688406,1.2316903300550912,0.9914897919895588,136.21162727872678,0.7671588048283828,1.1496679932868782e+20,0.7390164517876803,2.826319772717018,0.15145941221498577
556,rl_dataset_delta_sampling_maxloop=2_grid_51_preprocessed/trajectory_0538.json,538,21,7.909505951302667,7.0468766790476405,1.8783938604034924,0.37664314053822223,80606.4615777974,0.6791087372994279,0.7208093195430981,224.17726110651043,7.430397461683005,3.550298266073225,3.8082397203480567,433.7655120987655,12.859564408437004,10.988209657379082,1.2449780333684033,0.9963366894608887,136.48569990809932,0.7685741466966224,1.1509436808042581e+20,0.7312092172952488,2.822807392623791,0.15067798851583653
557,rl_dataset_delta_sampling_maxloop=2_grid_51_preprocessed/trajectory_0131.json,131,21,7.896560112641034,7.095942008582371,1.950087724775051,0.3760266720305254,80360.96283269061,0.6796660955092652,0.7245254482865636,228.63567692629803,7.430393818962942,3.5634161072998323,3.8837352254525292,212.2839606172841,12.875816864371492,10.929238947250916,1.2592119627862373,0.9995441078190318,136.8401365780078,0.7686068088903576,1.1576120228387072e+20,0.6709034585975012,2.7421989898699675,0.1499475845930183
558,rl_dataset_delta_sampling_maxloop=2_grid_51_preprocessed/trajectory_0347.json,347,21,7.866741828617792,7.047943020704783,1.7058628197533485,0.3746067537437044,80222.68335764589,0.6793314741877711,0.7477255111525675,222.69548667330088,7.430390946245649,3.5645151225976743,3.823825454336498,414.6296996296297,12.726988314094104,10.883129530860366,1.2421803750829141,0.9931102982104827,136.47548254520487,0.7681110959281875,1.1500726811502268e+20,0.7745696818998726,2.8537164937607473,0.15069934012979233
559,rl_dataset_delta_sampling_maxloop=2_grid_51_preprocessed/trajectory_0327.json,327,21,7.828305640387623,7.020742698107121,2.1001230781128752,0.3727764590660773,81798.0925373415,0.6788797380894479,0.752558898356083,226.4412324353245,7.430394681631305,3.5138613854222553,3.7597877933535444,360.1852351851853,12.974879350143834,11.008269220162669,1.2545155628580422,0.9985043121712014,135.71930674221696,0.770460862903879,1.156129854309125e+20,0.6272420011109225,2.873015056506823,0.14896619223032323
560,rl_dataset_delta_sampling_maxloop=2_grid_51_preprocessed/trajectory_0154.json,154,21,7.826763066841394,7.016043229672983,1.4379477453031957,0.37270300318292354,80140.12626380888,0.6798288095563801,0.7492149182104472,217.36067604091107,7.430387146069219,3.589450627008737,3.839133629902411,339.69140802469155,12.845480304078752,10.949457515850256,1.2298488560928467,0.9903436747048574,136.6204090347327,0.7678543661605136,1.1472630822121385e+20,0.8033892061949234,2.856109235993471,0.15105892027650153
561,rl_dataset_delta_sampling_maxloop=2_grid_51_preprocessed/trajectory_0091.json,91,21,7.802827045839517,7.027189056292708,2.0236492000110564,0.3715631926590246,80929.1531178753,0.6782398663259457,0.7412903059337448,226.90653629308434,7.430388531729367,3.5090895023904056,3.7305578192622275,250.67903234567922,12.973228716615862,11.005334836489784,1.2558206276086872,1.000482743888459,137.00812147357047,0.7684748340189623,1.1576339386545334e+20,0.639002142783531,2.8918016679382745,0.14984434434370286
562,rl_dataset_delta_sampling_maxloop=2_grid_51_preprocessed/trajectory_0201.json,201,21,7.775908246726141,6.99394821462763,1.6710632858641654,0.3702813450821972,80280.70311213225,0.6790759701813023,0.7431281552181209,224.37117709012233,7.430394908369602,3.5463574434085574,3.766716945826703,340.55560555555576,12.881591231278467,10.960007229204194,1.2464645041889155,0.9953161757886093,137.1042441631084,0.7686389655693264,1.1517229327505188e+20,0.630710570396626,2.88627010616783,0.15032414178771222
563,rl_dataset_delta_sampling_maxloop=2_grid_51_preprocessed/trajectory_0468.json,468,21,7.7357677492380486,6.955483091612449,1.4116154242670869,0.36836989282085947,80240.46028930956,0.6796856483353443,0.752130741870852,221.72457925048192,7.4303928603540506,3.5778608259490334,3.8306474753461326,239.81483481481507,12.89006577530767,10.985059685031283,1.2415708855731837,0.9939941599498697,136.7688327782731,0.7682327493243536,1.1500428093916943e+20,0.8016378745384621,2.8605538166754543,0.15093183910791005
564,rl_dataset_delta_sampling_maxloop=2_grid_51_preprocessed/trajectory_0046.json,46,21,7.730844849858905,6.878690510406141,2.0163519671041445,0.3681354690409003,80437.76932531109,0.6803691559268952,0.7569792106411997,224.77187653425392,7.430390892649948,3.585280002629989,4.038832235044637,416.60501827160505,12.664443819099748,10.820552925097951,1.2518255161663585,0.9971905415488443,137.27978794350975,0.7689855998001095,1.1561456312168982e+20,0.6518817192664826,2.7131153581706293,0.14983071246034527
565,rl_dataset_delta_sampling_maxloop=2_grid_51_preprocessed/trajectory_0447.json,447,21,7.722094730428767,6.924029097957931,1.7572894701943815,0.3677187966870841,81155.19406873967,0.6794519994051403,0.7409118483524637,224.12213854370054,7.430391123689954,3.5606066558315415,3.869284268357584,370.6790723456792,12.776429228060435,10.910692627522558,1.2453222570594373,0.9952731500888595,137.11924368494064,0.7686910132736084,1.150855561184023e+20,0.633064467255322,2.891856577808169,0.14985039119640634
566,rl_dataset_delta_sampling_maxloop=2_grid_51_preprocessed/trajectory_0465.json,465,21,7.708601008679543,6.881991798614104,1.9778096766983995,0.36707623850854965,80804.68254392556,0.6783279412630174,0.7406882437159051,222.76760931957944,7.430396494238926,3.522537751247688,3.859594415821127,380.6790723456791,12.752659748377063,10.89532677695386,1.2417651497636326,0.9947598944718347,137.07285940553245,0.7694647882383311,1.1503946788994499e+20,0.6316830608110443,2.8908489316030863,0.14949659358512624
567,rl_dataset_delta_sampling_maxloop=2_grid_51_preprocessed/trajectory_0520.json,520,21,7.705435480910593,6.86826315063129,1.8124373683898019,0.3669254990909806,80687.54196099543,0.6787781573284746,0.7456139949609637,223.4165944836294,7.430395437325556,3.540927668039062,3.834399535095949,404.56797123456806,12.8317609136156,10.956188053636879,1.242382581726497,0.9949649345294324,136.6688785627907,0.7688215484231304,1.1511124880364582e+20,0.8074142276140139,2.851575224432089,0.15025260004409172
568,rl_dataset_delta_sampling_maxloop=2_grid_51_preprocessed/trajectory_0053.json,53,21,7.7053714096490005,6.928300157553907,1.4470478757075644,0.3669224480785238,80312.34081778815,0.6795532864211798,0.7461136886625043,222.2790196211143,7.4303878224867805,3.5695609133446293,3.8096062769761154,244.56792123456813,12.898953603938605,10.99464854355301,1.2430901205983023,0.9939890852223497,136.71766126113636,0.7673476743971291,1.1517425164090822e+20,0.8303295254831201,2.8516104512840017,0.1509277975510065
569,rl_dataset_delta_sampling_maxloop=2_grid_51_preprocessed/trajectory_0092.json,92,21,7.685333540206261,6.8704877013911725,1.9979946615203326,0.3659682638193458,80732.9927020346,0.6789821411691859,0.7428794878080589,225.69012813282205,7.430394864494032,3.5301599273633286,3.8245316115946393,435.5556355555556,12.782725288294179,10.919441239177113,1.2503463451425856,0.9989301876316782,137.31600736586353,0.7695148837118917,1.1545054438750465e+20,0.6377046734116458,2.887513639036016,0.14952942600462946
570,rl_dataset_delta_sampling_maxloop=2_grid_51_preprocessed/trajectory_0269.json,269,21,7.681796878412725,6.821233229051907,1.6326553513482183,0.3657998513529869,81375.79288428601,0.6817688606532037,0.7472301146212978,222.88174849605508,7.430392290145742,3.6436183247049665,4.180066135660037,424.6297096296297,12.698882981073812,10.941088071479195,1.245899548504027,0.99860259905095,136.29683889151,0.7700308311052018,1.1557549076255297e+20,0.8091436833408827,2.85200071609729,0.14954350913773434
571,rl_dataset_delta_sampling_maxloop=2_grid_51_preprocessed/trajectory_0368.json,368,21,7.640948356925231,6.901982656639516,1.3423066936803367,0.36385468366310625,80021.20337503176,0.6817969447634629,0.7520019439134368,219.19396063441908,7.430398742718171,3.62071624323809,3.9003670229786995,334.75312641975324,12.8799951563014,10.912571582700975,1.2415387023967432,0.9921183674165824,135.7885886036044,0.7694137642101316,1.1540940816236547e+20,0.7701766640346717,2.8570639354899523,0.15026049387460802
572,rl_dataset_delta_sampling_maxloop=2_grid_51_preprocessed/trajectory_0508.json,508,21,7.599733295840368,6.812074972691142,1.5024812752989216,0.3618920617066842,81127.2814871961,0.6795328194078334,0.7422471716490557,225.0945757818584,7.430388983629911,3.560872151687283,3.8748943814883288,359.44449444444456,12.90498867138543,10.986899444176421,1.2483778208156135,0.9957201825852066,135.98097504264655,0.7700112092991923,1.1516796533777223e+20,0.806075590505632,2.845146192090346,0.1498445333702431
573,rl_dataset_delta_sampling_maxloop=2_grid_51_preprocessed/trajectory_0481.json,481,21,7.578510588839446,6.841268395787213,1.6725445062170115,0.3608814566114022,81062.74154016664,0.6787040308588528,0.7411982752680271,225.9537340848413,7.430395871422572,3.526751606867115,3.7502442193265355,220.67902234567921,12.852433785609854,10.927270720728263,1.2518478634090953,0.9997023412676569,136.96517974404503,0.7685446986480368,1.1558468009342668e+20,0.6354263726413204,2.892522332176595,0.14986177141775056
574,rl_dataset_delta_sampling_maxloop=2_grid_51_preprocessed/trajectory_0223.json,223,21,7.504681234891971,6.732620652140957,1.827993499411611,0.3573657730900939,81335.36112596633,0.6791781340468146,0.7288258321857375,227.72543729399484,7.430390171808585,3.531918594525189,3.7401319637648243,438.9506972839507,12.846442784003933,10.944490130080014,1.2579705901901315,0.9996187338602169,135.77379723910437,0.7693144644793241,1.1570977180631528e+20,0.7449467987256887,2.8282931527068556,0.14981949044873322
575,rl_dataset_delta_sampling_maxloop=2_grid_51_preprocessed/trajectory_0031.json,31,21,7.478600820666692,6.752187444066872,1.789715041439905,0.3561238486031758,81925.82665969494,0.679869189515389,0.7501392204715094,228.02028441563945,7.4303931533906535,3.5484638507801476,3.797557156006429,250.1852051851854,12.77277381750709,10.859582522675652,1.2619837739615656,1.0025797898957767,135.8430226402487,0.7700703717760707,1.1605347284985097e+20,0.6324004694542643,2.873548405680826,0.14909420015047894
576,rl_dataset_delta_sampling_maxloop=2_grid_51_preprocessed/trajectory_0060.json,60,21,7.45538047086116,6.651817300950656,1.7940975735982734,0.3550181176600552,81384.0522075355,0.6784380486255666,0.7345397377543142,224.47791349833355,7.430391677914947,3.5258375661538808,3.808248339226284,434.1976108641976,12.893636467992968,10.985385372010928,1.2457750837665649,0.9967576672348138,136.12964126583506,0.7694348089335102,1.1523891324362585e+20,0.7808319808634122,2.8379002846493067,0.14996634337192796
577,rl_dataset_delta_sampling_maxloop=2_grid_51_preprocessed/trajectory_0388.json,388,21,7.442640390304293,6.719378311074624,1.732697371040437,0.3544114471573473,82000.56301501942,0.6786811322983658,0.750986185516345,226.96860537167026,7.430393984437441,3.5266002525427727,3.72761403770648,305.18522518518535,12.882487828014172,10.948868749072608,1.2525213679688987,0.9997730245117609,135.69688486094458,0.7684834732391078,1.1565957112827218e+20,0.6290299587783671,2.8728112410927675,0.14968366894933374
578,rl_dataset_delta_sampling_maxloop=2_grid_51_preprocessed/trajectory_0593.json,593,21,7.3729953005721836,6.624659410760666,2.0449899281819937,0.35109501431296114,82139.00128062212,0.6777668782966987,0.7560787996226864,228.24209761088076,7.4303929347447735,3.4783004319243562,3.677874888730533,315.06176839506196,12.92502301021635,10.985244921929514,1.2601749885500997,1.0010871359313975,135.39565102773057,0.770102818782421,1.158871910729388e+20,0.6257086604446828,2.8671721617494996,0.1488463931579154
579,rl_dataset_delta_sampling_maxloop=2_grid_51_preprocessed/trajectory_0451.json,451,21,7.367922797463584,6.629640502871949,1.9472370714127354,0.35085346654588495,82400.18911917864,0.6796458764365043,0.7609336320002363,229.8604606683159,7.430391600472951,3.532823845402964,3.829884637092591,320.1852251851854,12.932200124734479,11.010010845633534,1.2639149649753383,1.002993460665147,135.58816285973387,0.7714078578587321,1.1609028333317941e+20,0.6306928723442696,2.872902558995906,0.14832381293769867
580,rl_dataset_delta_sampling_maxloop=2_grid_51_preprocessed/trajectory_0277.json,277,21,7.331381104176497,6.600002241799177,1.6812899812154645,0.34911338591316654,81505.45880107737,0.6788355027083212,0.7374902807571788,227.8983701523971,7.430395716117983,3.523674190928823,3.788506502140999,331.4815314814815,12.991468219969972,11.012354441485963,1.2549118632031542,0.9974884470728381,136.494068804768,0.7703825094372254,1.155877783176436e+20,0.652611549319834,2.709551669477038,0.1490999879376513
581,rl_dataset_delta_sampling_maxloop=2_grid_51_preprocessed/trajectory_0499.json,499,21,7.263517054149213,6.5222330778806485,1.5389540005362532,0.3458817644832959,79918.10039903557,0.6808244135392011,0.7314641434056548,221.07783508177445,7.430397249852169,3.58958672441645,3.8672780586508595,339.01239567901246,12.585865859722995,10.78826833852572,1.2435508893115907,0.9963618882785918,136.39858066977075,0.7678503408006551,1.1537713335160757e+20,0.7513266528724507,2.8315305578238124,0.15066955066642368
582,rl_dataset_delta_sampling_maxloop=2_grid_51_preprocessed/trajectory_0564.json,564,21,7.260972421696672,6.508824552726838,2.0000734763741725,0.34576059150936533,81399.23613156858,0.677141973227769,0.7392947322786441,228.0353709033987,7.430395847456416,3.4672826826550383,3.674462586742118,400.67908234567915,12.90038019950971,10.953587196754603,1.2565885572766058,1.0020204134714652,136.80108911328009,0.7702166087699295,1.157419458972949e+20,0.6355647340204391,2.8916496555700384,0.14896829658217228
583,rl_dataset_delta_sampling_maxloop=2_grid_51_preprocessed/trajectory_0013.json,13,21,7.208866547147251,6.514809147851627,1.2947695047759884,0.34327935938796433,80835.3163521599,0.6786585613082383,0.7538210859769333,227.27630940610737,7.4303950643312575,3.533357294564405,3.8012608386468907,219.8765532098768,12.82346377578147,10.907124066808315,1.2551969228230349,0.9984938264834478,136.27559142223606,0.7684636744789725,1.1554491557714923e+20,0.8005303167459322,2.8618398315063964,0.15016017293899395
584,rl_dataset_delta_sampling_maxloop=2_grid_51_preprocessed/trajectory_0206.json,206,21,7.172881424774267,6.452888117985591,1.2887087541171596,0.3415657821321079,80758.88593736896,0.6784654221500069,0.7498934508243053,221.88746995400868,7.430393800983298,3.5303651797840954,3.80896337116784,364.69141802469153,12.81247459964655,10.891562253432433,1.2413949611514994,0.9945463612163801,136.17391161750962,0.7688447761205209,1.1499148167633538e+20,0.8050215142117746,2.8550683559589256,0.15016029995729885
585,rl_dataset_delta_sampling_maxloop=2_grid_51_preprocessed/trajectory_0503.json,503,21,7.084905343612139,6.355059650541362,1.6539989244664415,0.3373764449339114,81076.94536040889,0.6780451856656183,0.7365068982403876,225.0839541802692,7.430392205980292,3.5009368260635827,3.7641424227823927,360.9259859259261,12.90142074252774,10.973060707089617,1.2495025246212055,0.9976859450962133,136.65421562886544,0.7690761093272557,1.1539524226982768e+20,0.6366715519082591,2.692096802338797,0.14983703845343402
586,rl_dataset_delta_sampling_maxloop=2_grid_51_preprocessed/trajectory_0255.json,255,21,7.082442042277869,6.333893639242164,2.0495755089880068,0.33725914487037467,82173.65011179389,0.6765294267732302,0.7510062653516856,227.33475247558977,7.430395525529555,3.4454939007404555,3.6378178279731754,335.1852351851854,12.865819968127257,10.953311583112969,1.256147672134465,1.0002195614739808,135.7488997384542,0.7703274154897781,1.1567804320610147e+20,0.6290314164517804,2.872886318773336,0.1486395782778178
587,rl_dataset_delta_sampling_maxloop=2_grid_51_preprocessed/trajectory_0536.json,536,21,7.062542825252904,6.393913853342869,1.6763966102252734,0.33631156310728116,81824.0064844212,0.6775987370034107,0.7511681038933948,228.48197585485482,7.43039319401584,3.4745573039204634,3.682584050584243,280.18521518518537,12.793791997484636,10.884153791227627,1.259734486947837,1.0014450363907303,135.71473687004598,0.7696663100908349,1.1594213944415977e+20,0.6290316086046139,2.8728057536679223,0.1491040183792625
588,rl_dataset_delta_sampling_maxloop=2_grid_51_preprocessed/trajectory_0356.json,356,21,7.012157090647067,6.298595416499915,1.930355800701913,0.3339122424117651,82096.1061221385,0.6768791183084067,0.7491135843577768,228.83344921643928,7.430391764958834,3.4624194116152482,3.6680185413602278,230.24692358024714,12.846443678035229,10.907780739189054,1.259807517044661,0.9997337256525686,135.67654569870226,0.7698118736342301,1.1581379188054963e+20,0.6342193945793877,2.8752405247223014,0.1488543309151434
589,rl_dataset_delta_sampling_maxloop=2_grid_51_preprocessed/trajectory_0366.json,366,21,6.96241640686057,6.278052955586833,1.9256526538452792,0.3315436384219319,82239.68111783093,0.6762257418716268,0.7572633087951505,229.90318426878298,7.430393161154713,3.428543347298205,3.6543508468285895,240.3086619753089,12.936232055329171,10.922460067221305,1.2635421291423878,1.0015458216508617,135.45076254616103,0.7704572869449856,1.1604796112670251e+20,0.634942675275651,2.8774226299205536,0.1486032371777318
590,rl_dataset_delta_sampling_maxloop=2_grid_51_preprocessed/trajectory_0174.json,174,21,6.959770282156531,6.294392187882443,1.25741140650416,0.3314176324836443,81238.94753272049,0.6782550447762716,0.7512757660304469,226.15248812130125,7.430391385469546,3.519193892542368,3.715684858052357,279.7531164197534,12.839623651422189,10.90082002806789,1.252049452950196,0.997316775926268,135.75964564102054,0.7687222864041309,1.1559434362287882e+20,0.8023200192136644,2.857088276939505,0.14990649249958907
591,rl_dataset_delta_sampling_maxloop=2_grid_51_preprocessed/trajectory_0589.json,589,21,6.889250524506892,6.231764422634398,1.4124497246085606,0.3280595487860425,81869.60004752268,0.6782021852836929,0.7567655296883584,227.06709533568124,7.430393821397408,3.4968627149464595,3.6941173276851678,219.8765532098768,12.990302112874048,11.01786492900027,1.2557595277092903,0.9998075235508841,135.83137208035464,0.7698413523243834,1.1558969730674269e+20,0.797536784618911,2.8607315113664047,0.1491396960050717
592,rl_dataset_delta_sampling_maxloop=2_grid_51_preprocessed/trajectory_0246.json,246,21,6.863190478197546,6.165107720526537,1.54487774754531,0.32681859419988313,81087.96216825029,0.6775171983147776,0.7543473385600402,228.7635047719176,7.430399024871795,3.4828867455716956,3.7362517210449497,301.91362024691375,12.87888120276599,10.932933865830094,1.2617320187861654,0.9994582332487546,135.8632883434985,0.7697713898732359,1.1583296222281934e+20,0.6628573804728678,2.79247880788214,0.14912173526693584
593,rl_dataset_delta_sampling_maxloop=2_grid_51_preprocessed/trajectory_0296.json,296,21,6.802447370905709,6.120648851831315,1.922863869687259,0.32392606528122425,82387.62996807099,0.6761175887101204,0.7563523716574102,229.5646925723054,7.430390161709035,3.4253846762521154,3.6851555503519244,335.12350679012366,12.958145759156109,10.932023121629733,1.2624419047374464,1.0013405402677003,135.2692805559648,0.770427879482504,1.1599674659189449e+20,0.6265079862371512,2.870486867583757,0.14853533168010638
594,rl_dataset_delta_sampling_maxloop=2_grid_51_preprocessed/trajectory_0037.json,37,21,6.7427208864695425,6.045718895086192,1.5648851017037528,0.32108194697474013,80674.11026379802,0.6786127810444824,0.737591819178506,223.62345247434354,7.430391345303675,3.5207802884367707,3.7836804433950952,417.6544009876544,12.72223721448442,10.843379184287258,1.2470551300011175,0.9984041783784443,136.36384853731334,0.7687874195325465,1.1551182598542888e+20,0.6851111379423612,2.754454579806963,0.14987412311936946
595,rl_dataset_delta_sampling_maxloop=2_grid_51_preprocessed/trajectory_0061.json,61,21,6.578735660661564,5.999842761248939,1.3074439357661274,0.3132731266981697,81599.53454678754,0.6794580403119896,0.7228175497116692,230.85525476599258,7.430394490200427,3.521212944378406,3.7185583034570175,293.7654620987656,13.039209650130417,11.022787153312361,1.266185936318012,1.0041364657006182,135.28407710142304,0.7697865644426081,1.1631683643289695e+20,0.728224132465071,2.8214912818628775,0.1495386643230066
596,rl_dataset_delta_sampling_maxloop=2_grid_51_preprocessed/trajectory_0498.json,498,21,6.504947840075472,5.91346323605668,1.539297005386116,0.30975942095597486,82722.3091674764,0.6773285630790085,0.7597028925520657,230.72438716923824,7.430393810846251,3.4490458487417364,3.755534069911365,225.37038037037064,12.864351399397695,10.921067223551146,1.2685017021997387,1.002962267219882,135.6712129524367,0.7717369149146368,1.1633723784469581e+20,0.6663318363133006,2.7337253502016456,0.14770112710404967
597,rl_dataset_delta_sampling_maxloop=2_grid_51_preprocessed/trajectory_0359.json,359,21,6.46276301093102,5.7651578420357765,1.9731985326217725,0.3077506195681438,81712.34043298723,0.6776256334984287,0.7379487431040416,224.54324900384162,7.430394172306305,3.459279072046759,3.7525135113236323,359.3210476543211,12.663530976752469,10.784282908338653,1.2528993745795691,1.0004920439029032,136.44160868987902,0.7707913548395554,1.157496776470389e+20,0.6395409666590561,2.7008971314918786,0.14824789901344035
598,rl_dataset_delta_sampling_maxloop=2_grid_51_preprocessed/trajectory_0035.json,35,21,6.4193594451654725,5.8096983323983995,1.2875899431970723,0.3056837831031177,82223.8751469237,0.6771548265976334,0.7442294686040954,227.6643866856097,7.430395659248275,3.466373479727702,3.731515166160784,344.4444944444446,12.837719933215142,10.892568458453896,1.257557695458138,1.000453848216248,135.6992471196009,0.7689227387445979,1.1607326274790839e+20,0.8023923879705329,2.8459636691327312,0.148788744852694
599,rl_dataset_delta_sampling_maxloop=2_grid_51_preprocessed/trajectory_0303.json,303,21,6.268944507084649,5.686101593842926,1.2971100672030822,0.2985211670040309,82290.3796104739,0.6766356406570989,0.726817650601352,228.15644205560574,7.430396715227187,3.434043518244836,3.5832141481811166,373.888948888889,12.83250089965488,10.868621628185693,1.2593686942070934,1.0017837567871166,135.13642599776404,0.770081549197832,1.15814777233976e+20,0.7411518281332728,2.825753239160361,0.14903921099027342
600,rl_dataset_delta_sampling_maxloop=2_grid_51_preprocessed/trajectory_0275.json,275,21,4.336743839043784,4.001819762079635,1.5814125718783547,0.20651161138303734,83886.12186618788,0.6733714263366043,0.7416928262993372,237.66869337522212,7.430395288762635,3.301436547549439,3.490892463654018,225.67902234567921,12.999445560283926,10.94432892033687,1.2855275030834943,1.009053217720183,134.44216223593818,0.7722999900747834,1.1696952502727698e+20,0.6688606129426683,2.742685775438947,0.1462087046774841
